SET SQL_MODE = "NO_AUTO_VALUE_ON_ZERO";
START TRANSACTION;
SET time_zone = "+00:00";

/*!40101 SET @OLD_CHARACTER_SET_CLIENT=@@CHARACTER_SET_CLIENT */;
/*!40101 SET @OLD_CHARACTER_SET_RESULTS=@@CHARACTER_SET_RESULTS */;
/*!40101 SET @OLD_COLLATION_CONNECTION=@@COLLATION_CONNECTION */;
/*!40101 SET NAMES utf8mb4 */;
/*!40103 SET @OLD_TIME_ZONE=@@TIME_ZONE */;
/*!40103 SET TIME_ZONE='+00:00' */;
SET @OLD_FOREIGN_KEY_CHECKS=@@FOREIGN_KEY_CHECKS, FOREIGN_KEY_CHECKS=0;
/*!40101 SET @OLD_SQL_MODE=@@SQL_MODE, SQL_MODE='NO_AUTO_VALUE_ON_ZERO' */;
/*!40111 SET @OLD_SQL_NOTES=@@SQL_NOTES, SQL_NOTES=0 */;

INSERT INTO `demo__auslagen` (`id`,`projekt_id`,`name_suffix`,`state`,`ok-belege`,`ok-hv`,`ok-kv`,`payed`,`rejected`,`zahlung-iban`,`zahlung-name`,`zahlung-vwzk`,`address`,`last_change`,`last_change_by`,`etag`,`version`,`created`) VALUES
 (1,1,'April 2023','instructed;2024-10-01 14:06:12;michelle;Michelle Storandt','2024-10-01 14:06:09;michelle;Michelle Storandt','2024-10-01 14:06:03;michelle;Michelle Storandt','2024-10-01 14:06:06;michelle;Michelle Storandt','2024-10-01 14:06:15;michelle;Michelle Storandt','','eyJpdiI6IkdnUUtOMzRxb09TNURyNi9CbWMvbmc9PSIsInZhbHVlIjoiQWF3YmRqQVBPVVNjc0ZmNGpWUmZiM2pRejBYUEp5RGp6WWNoQ2pIMkVLOD0iLCJtYWMiOiJkYzFiY2M5ZTJmMmMyNzRmNGJmZGYyOWQwMDQ0MGY2ZTg3Yzg2MWYwNWE3OWUyZjdkYTM0NzE3YmY5YmRjMmUwIiwidGFnIjoiIn0=','Studierendenrat der fiktiven Uni','','Straße des StuRa 1,98693 fiktive Stadt','2023-08-11 18:10:02','michelle;Michelle Storandt','XMjGWLELiPDcIbMBo0na0ef0wmb4dhg8',14,'2023-05-12 09:55:24;michelle;Michelle Storandt'),
 (2,2,'Hostsharing März','booked;2024-10-01 14:17:07;michelle;Michelle Storandt','2023-08-11 18:20:51;demo_hv;Service','2023-08-11 18:19:36;demo_hv;Service','2023-08-11 21:43:58;demo_kv;Service','2023-08-11 21:44:29;demo_kv;Service','','eyJpdiI6Ijk1TDNsd1BXNHdTUDYyS2E1Q3lvaGc9PSIsInZhbHVlIjoiUTVuRzFDTmVRNlNkdjFFRzVZdmF0SWovQ2Y2QXlhNGQvSWZvbHhzdzFqQT0iLCJtYWMiOiJmNTY0MDdhMmYzN2IyMWYwMDVmZjcxYmQ2OWY4NDdhNTY2MjI2NjMwZDZkMjA1M2I0NjNlNTFmZTNiMDE3Mjk1IiwidGFnIjoiIn0=','Hostsharing eG','2023-0821-11042','Flughafenstraße 52a,22335 Hamburg','2023-08-11 18:19:17','demo_hv;Service','9p4U5vdOkFN12qbceTdZuj0Cq43xdh80',8,'2023-08-11 18:19:17;demo_hv;Service'),
 (3,2,'Hostsharing April','booked;2024-10-01 14:17:09;michelle;Michelle Storandt','2023-08-11 18:23:10;demo_hv;Service','2023-08-11 18:23:07;demo_hv;Service','2023-08-11 21:44:00;demo_kv;Service','2023-08-11 21:44:31;demo_kv;Service','','eyJpdiI6Iktva280R2Y5N09palVFTVdhbHprVEE9PSIsInZhbHVlIjoiWXk0RmVFWGZOUkZKbzlXZWlET2FuUUNkS1ljYWNkOThKdnVRekxxTVFuQT0iLCJtYWMiOiJmYmMzZDFiYjViOThjNzc0ODNmMWUzNjQ5MWE2NzEyYjkzNjM3NzIyNTRhMWI3M2Q5MzlkNDc0MWZjYzU2NGI3IiwidGFnIjoiIn0=','Hostsharing eG','2023-1058-11042','Flughafenstraße 52a,22335 Hamburg','2023-08-11 18:22:52','demo_hv;Service','xHr9m7wO3hpxd5hSWkQneNmvvMHmMZVn',8,'2023-08-11 18:22:52;demo_hv;Service'),
 (4,2,'Hostsharing Mai','booked;2024-10-01 14:17:10;michelle;Michelle Storandt','2023-08-11 18:25:50;demo_hv;Service','2023-08-11 18:25:46;demo_hv;Service','2023-08-11 21:44:02;demo_kv;Service','2023-08-11 21:44:33;demo_kv;Service','','eyJpdiI6Ink0SUxEa1lOYktzNk8rTTAxSC9jY0E9PSIsInZhbHVlIjoiWURvakNGbmxuTUJQQ0h5UzhocGpTNkNjNEVOSG9JeUV5MlRiYk9YYUVqRT0iLCJtYWMiOiIyMjFlNDI1MWQ1MTEzZTk0ZDkzZDc3YjU0MjZiYjQwZmJiNzhmZTFiNGQyNjc0N2ZhMmJmNGJjNGJiOTFjZDY5IiwidGFnIjoiIn0=','Hostsharing eG','2023-1198-11042','Flughafenstraße 52a,22335 Hamburg','2023-08-11 18:25:03','demo_hv;Service','axjsmCv07PyXHEoRWp1wlVFbId7R7OXr',8,'2023-08-11 18:25:03;demo_hv;Service'),
 (5,2,'Hostsharing Juni','instructed;2023-09-22 17:43:45;demo_kv;Service','2023-08-11 18:48:52;demo_hv;Service','2023-08-11 18:48:48;demo_hv;Service','2023-08-11 21:44:04;demo_kv;Service','2023-08-11 21:44:35;demo_kv;Service','','eyJpdiI6IlhaY2o2TkVQYXM4VlBublVtWmFxbVE9PSIsInZhbHVlIjoiKy8xQWRESjZBQ2lNaTY1YnV0aWRTcnJYQ01UT2dUc1pQVTZLTGViVmM4UT0iLCJtYWMiOiJmMDJhZTFhYjE2ODNmM2YxYzMyOGIxNGMzNmI2ZGU4MzdmZTQ1MTI4Y2EyMDVmNDc3MTQyMDhmOTdlZmRkZGM3IiwidGFnIjoiIn0=','Hostsharing eG','2023-1565-11042','Flughafenstraße 52a,22335 Hamburg','2023-08-11 18:48:36','demo_hv;Service','rGm2OeIhtphzTrbXo48E0sP1Ud3SH166',8,'2023-08-11 18:48:36;demo_hv;Service'),
 (6,2,'Hostsharing Juli','instructed;2024-10-01 12:18:29;michelle;Michelle Storandt','2023-08-11 18:51:42;demo_hv;Service','2023-08-11 18:51:46;demo_hv;Service','2024-10-01 14:16:54;michelle;Michelle Storandt','2024-10-01 12:18:32;michelle;Michelle Storandt','','eyJpdiI6IkxMMElMaDBRUlN3NXo3bGcxVkI4R0E9PSIsInZhbHVlIjoiMzArWTZpVlM3VGh3TmZyZ0djRkdwK2dMRUJycitFSWl1Z1pmNnZ0SGdEVT0iLCJtYWMiOiI0NDIxNTUyYzlmMTQzOGFkMWUwZDhlNjUwMWE0YWY1Y2RiZTZmZjhiOGQyNmM5MjVmZjBlODg0YjhkZWQ2YWE0IiwidGFnIjoiIn0=','Hostsharing eG','2023-1912-11042','Flughafenstraße 52a,22335 Hamburg','2023-08-11 18:51:20','demo_hv;Service','mOsGHrqJrEkQRux48ju03pzvdV47Cyzx',7,'2023-08-11 18:51:20;demo_hv;Service'),
 (7,2,'Hetzner März','booked;2024-10-01 14:17:29;michelle;Michelle Storandt','2023-08-11 19:20:54;demo_hv;Service','2023-08-11 19:20:51;demo_hv;Service','2023-08-11 21:44:49;demo_kv;Service','2023-08-11 21:45:04;demo_kv;Service','','eyJpdiI6IlNrWnRFNWJlb3JJYmVhMW8yeVkrQWc9PSIsInZhbHVlIjoieldxYUxYNGZMa3hoYm1yV016b0p4cVM1Y1FsZGpMWUsvNUo2MlRqVmhiWT0iLCJtYWMiOiJmNTkzYTIzYTFkZDcyY2JjMDBkMTVkMDA2MWI3ZTk3MmUyMDczOWZjZTkxNjg3NjMzMTFlNTliYzYxZTg5ZmJiIiwidGFnIjoiIn0=','Hetzner Online GmbH','R0015493652','Industriestr. 25,91710 Gunzenhausen','2023-08-11 19:20:41','demo_hv;Service','VIW1aitUBCnWbsHNjnjO9hLdYN2z9fcr',8,'2023-08-11 19:20:41;demo_hv;Service'),
 (8,2,'Hetzner April','booked;2024-10-01 14:17:35;michelle;Michelle Storandt','2023-08-11 19:27:00;demo_hv;Service','2023-08-11 19:26:58;demo_hv;Service','2023-08-11 21:44:51;demo_kv;Service','2023-08-11 21:45:06;demo_kv;Service','','eyJpdiI6IjFCN3diOCtrakY4Ulg3ZllYLzI3NUE9PSIsInZhbHVlIjoibkZ1YSt6REVuYUlyS0tXT0d6bVQzc2UvN0VGWlBkQUhUNXdYWnFqL2ZWaz0iLCJtYWMiOiI3ZGIzZDNiMzQyYTJmYTNjZjZiNzdjNzY2NzFhOTcyZjUzZDhjNjRkM2UwMWMxYjdkZDBmYmQ4ZDJlNDI0ZWYzIiwidGFnIjoiIn0=','Hetzner Online GmbH','R0015714188','Industriestr. 25,91710 Gunzenhausen','2023-08-11 19:26:49','demo_hv;Service','YyHznZPatveYodN2ZKORrkIvqWwUrDDA',8,'2023-08-11 19:26:49;demo_hv;Service'),
 (9,2,'Hetzner Mai','booked;2024-10-01 14:17:40;michelle;Michelle Storandt','2023-08-11 19:31:06;demo_hv;Service','2023-08-11 19:31:03;demo_hv;Service','2023-08-11 21:44:52;demo_kv;Service','2023-08-11 21:45:08;demo_kv;Service','','eyJpdiI6Ii9sMHdVZDlOM0JiS0dtY21rdXp6cWc9PSIsInZhbHVlIjoiOHNxOUJRRFJLZ0JSQ3cyZ25DZHpxTzlZREtiNGNHM25BWWhYTTJTZ2FHMD0iLCJtYWMiOiJhMmZiNDVhNTBkNjQ5MjFhNDc4MTY4OTI3YmQ1ZTk1YTIwMmZiNzMzYTFkODhiNWExNjcyNDJlZDUzM2NmNDk1IiwidGFnIjoiIn0=','Hetzner Online GmbH','R0015936696','Industriestr. 25,91710 Gunzenhausen','2023-08-11 19:30:52','demo_hv;Service','RhVzOnlo4mkIi2ewi0rtS8FkKWDxaNJT',8,'2023-08-11 19:30:52;demo_hv;Service'),
 (10,2,'Hetzner Juni','booked;2024-10-01 14:17:53;michelle;Michelle Storandt','2023-08-11 19:33:16;demo_hv;Service','2023-08-11 19:33:19;demo_hv;Service','2023-08-11 21:44:54;demo_kv;Service','2023-08-11 21:45:09;demo_kv;Service','','eyJpdiI6ImRUbUdSTFBGSWhNYWd1Q2Y4UW5LWGc9PSIsInZhbHVlIjoiT3ErYzVzWTBucFBqNG9NUGRpWWZpenRyYk83RWlMeStFRFpxaHZaWVBQaz0iLCJtYWMiOiJiMDk5MTA3N2YzM2RiYTMwNGMzMDc5YjJjYmYxNDlmNjY3ODczYTlhMTc4MWRmMDM3YTQxMDJmNzk0YTBlYzA5IiwidGFnIjoiIn0=','Hetzner Online GmbH','R0016161380','Industriestr. 25,91710 Gunzenhausen','2023-08-11 19:33:03','demo_hv;Service','Z3ZQOcdul6xlpTPpSY08j1xzDTpiy92P',8,'2023-08-11 19:33:03;demo_hv;Service'),
 (11,2,'Hetzner Juli','instructed;2024-10-01 12:35:45;michelle;Michelle Storandt','2024-10-01 12:35:36;michelle;Michelle Storandt','2024-10-01 12:35:31;michelle;Michelle Storandt','2024-10-01 12:35:34;michelle;Michelle Storandt','2024-10-01 12:35:49;michelle;Michelle Storandt','','eyJpdiI6ImNCdUdrSkNtWW40Ti9GTitNcEsvU0E9PSIsInZhbHVlIjoiSGQ0SHk5dkpmc2IzODdxcVp2S1pRU3VUTCtFYUtMUUhFNS9saVBxaGNqQT0iLCJtYWMiOiJjNjVmOTk2YmE3YWMyOTI4MTZjNmJlNjIwYzg3ZTNjZWIyMTU2NjAwY2JmNWY3M2UwNDNhZmJiYjhiZjA1OGFjIiwidGFnIjoiIn0=','Hetzner Online GmbH','R0016430887','Industriestr. 25,91710 Gunzenhausen','2023-08-11 19:36:07','demo_hv;Service','GzTIB9mjedtkOL4EEIJAxYmGJrmfUbQV',7,'2023-08-11 19:36:07;demo_hv;Service'),
 (12,3,'Zugtickets Lukas','instructed;2024-10-01 12:34:47;michelle;Michelle Storandt','2023-08-11 19:50:10;demo_hv;Service','2023-08-11 19:50:07;demo_hv;Service','2024-10-01 12:34:42;michelle;Michelle Storandt','2024-10-01 12:34:50;michelle;Michelle Storandt','','eyJpdiI6IkdHd1NuN1BhMGJabFpqeTU0YVFIREE9PSIsInZhbHVlIjoibzk3bllTOEVjcVliMGdwNVUyVU5pY0FuVkIrTHQ4dkwwMjFsYktNYmVtQT0iLCJtYWMiOiJmOGE5MmY3MTAwYmI5YzE5NTRmNDRkZjFmNjJlMDJjNTUxNmRhNjQ3ZmExOTE4OTAyM2M0MTYyMTIzYzBhMmZlIiwidGFnIjoiIn0=','Lukas Staab','','Am Stollen 11,98693 Ilmenau','2023-08-11 19:49:56','demo_hv;Service','H0JlgQoJTcoTBIEsTPYgmkoXW81eVwV5',7,'2023-08-11 19:49:56;demo_hv;Service'),
 (13,3,'Auslagenerstattung Verpflegung','revocation;2023-08-11 19:53:33;demo_hv;Service','','','','','2023-08-11 19:53:33;demo_hv;Service','eyJpdiI6IkxTVm1HaWYrYkVJN3cxeGZQczg5V3c9PSIsInZhbHVlIjoiOUVqalpUTkZRR3dzLzdBYVM3dVF5M2FjS09DYXBUbThlYjVWb0RGdDBhRT0iLCJtYWMiOiIyNGQzZDZlNTZhMmEwMWUwNTIxYTQ2OGE5NGQxZjBiYmU3ZjJkMTBiZjlhMWRlYWExNjUxMDVhYTkzN2E1YTIzIiwidGFnIjoiIn0=','Kim Mustermensch','','Am Stollen 11,98693 Ilmenau','2023-08-11 19:53:23','demo_hv;Service','z4wffyeQH7cLDhV9HXoGN6u5kQEKkAg1',3,'2023-08-11 19:53:23;demo_hv;Service'),
 (14,3,'Fahrkosten und Unterkunft','revocation;2024-10-01 12:34:33;michelle;Michelle Storandt','','','','','2024-10-01 12:34:33;michelle;Michelle Storandt','eyJpdiI6IkNKMENHOFdMZXlpQmkwNGJFNTJ4N1E9PSIsInZhbHVlIjoiOUhobnRxNk5wZWtVMGExcmRabCtwbHByUGFTeXZLd2t6MUpVOWpQQklJYz0iLCJtYWMiOiI3MGNhYjY1NGFlMTViYmZjOGVmYjdmYzhkZDhkYzZlNTdkZDdkNGRmNDBhMmQ4N2NjZTQyNTBkMzkyOGI5M2U5IiwidGFnIjoiIn0=','Kim Mustermensch','','Am Stollen 11,98693 Ilmenau','2023-08-11 20:05:32','demo_hv;Service','HLF4ST5sDr6tIdNGdjZg0JQAUAVfBEKj',3,'2023-08-11 20:05:32;demo_hv;Service'),
 (15,5,'Busrechnung','booked;2024-12-18 22:43:35;demo_kv;Service','2023-08-11 20:17:09;demo_hv;Service','2023-08-11 20:16:58;demo_hv;Service','2023-08-11 21:47:43;demo_kv;Service','2023-08-11 21:47:58;demo_kv;Service','','eyJpdiI6IkVqajhTeWdzcUpKTVNDTmlGb2FndHc9PSIsInZhbHVlIjoiWDIzRmRycXdOb2lyNVRRN2k5S01BTTc3a1RaZGhOUjBmV296R1FSaXYxZz0iLCJtYWMiOiIzNGFiNzg5MzRiYjEyZmRkYWVmMDMwN2ZiYWQwMzIxZjRhMWU4NmQxNjk3N2YzYTE0NTgzODQ1YzA1NjNkZjlhIiwidGFnIjoiIn0=','LWW Bustouristik GmbH','18769 / 13001','Am Herrnberg 6,98724 Neuhaus','2023-08-11 20:16:46','demo_hv;Service','ac7H2T2gDLcBhea0CVBHMcvSXqrdqHX5',8,'2023-08-11 20:16:46;demo_hv;Service'),
 (16,5,'Teilnahmebeiträge Studierende','instructed;2023-08-11 21:48:00;demo_kv;Service','2023-08-11 20:19:37;demo_hv;Service','2023-08-11 20:19:34;demo_hv;Service','2023-08-11 21:47:56;demo_kv;Service','2023-08-11 21:48:04;demo_kv;Service','','eyJpdiI6InZZbDdZY1NzcU5UWmFVK0FvOTlSNmc9PSIsInZhbHVlIjoiNTVxRG5vaHo0SlFqZ213RGw1Zy94NjJYckt2U3NrTkNYbkc2dG9URzZKTT0iLCJtYWMiOiI1YTZiNzE4ZjMyMDEzZmM3MDM1N2U0MDNlYjJkOWM1ODRiNDJhNmRhMzdhYTQ3ZTViMDNlYWM1NDJhZmRlZDQ3IiwidGFnIjoiIn0=','Open Administration UG (haftungsbeschränkt)','','Am Stollen 11,98693 Ilmenau','2023-08-11 20:19:20','demo_hv;Service','YJp8BKoCNgW6kevuNnTbJZnWlWc4DOrD',7,'2023-08-11 20:19:20;demo_hv;Service'),
 (17,6,'Auszahlung Darlehen','instructed;2023-08-11 21:45:40;demo_kv;Service','2023-08-11 20:31:51;demo_hv;Service','2023-08-11 20:31:48;demo_hv;Service','2023-08-11 21:45:30;demo_kv;Service','2023-08-11 21:45:59;demo_kv;Service','','eyJpdiI6IitnT2pNY09waGE0Sm5iNEZ2UjV0U0E9PSIsInZhbHVlIjoiWXJKc1ZOdjNWU3M4czJBc05kd0pDWmNUUlVQN3VVaVJwanNxRWhmSklJdz0iLCJtYWMiOiJkNTQxYzY1NzQ5ZTk3MzgyOTVjMzNkZGRiYzBiZWZjNWU1ZmZiODIwNTBkNDAxOTA0MWE4NGFmMzAwNDRjYWJlIiwidGFnIjoiIn0=','A. S.','','Am Stollen 11,98693 Ilmenau','2023-08-11 20:31:38','demo_hv;Service','QHeeB2tAoqRjjEnIaewWSCYlaFYYtJeo',7,'2023-08-11 20:31:38;demo_hv;Service'),
 (18,6,'Rückzahlung 1. Rate','instructed;2023-08-11 21:45:41;demo_kv;Service','2023-08-11 20:32:59;demo_hv;Service','2023-08-11 20:32:56;demo_hv;Service','2023-08-11 21:45:31;demo_kv;Service','2023-08-11 21:46:01;demo_kv;Service','','eyJpdiI6IjhLQU02bTE2cUIzS3IwRi9BRGJHMnc9PSIsInZhbHVlIjoidkpmcmN6V1NmaDFDZDJGU2xmT2xpekpHUEJjRWtONEpobDl1SDZ4ak5XUT0iLCJtYWMiOiJhNjRiNGUzMTE3ZGQwYzA3Y2YzNTI0NDI2YTFlYzYxM2U1Nzc1YjRmNGFkNWMwZjRiNjNjYzg0ZjkxNjg5YWRiIiwidGFnIjoiIn0=','Open Administration','','Am Stollen 11,98693 Ilmenau','2023-08-11 20:32:47','demo_hv;Service','biWkIT03jD1tfGdpBRZUdnZ2E1IsS92r',7,'2023-08-11 20:32:47;demo_hv;Service'),
 (19,6,'Rückzahlung 2. Rate','instructed;2023-08-11 21:45:48;demo_kv;Service','2023-08-11 20:34:00;demo_hv;Service','2023-08-11 20:33:57;demo_hv;Service','2023-08-11 21:45:33;demo_kv;Service','2023-08-11 21:46:03;demo_kv;Service','','eyJpdiI6InRDckFSL3o1eUJrd294eGlNY2ZnV0E9PSIsInZhbHVlIjoiV1h6d1dxaWdNS0hCajZ5WWFsMGhMTHhSN3BtVlVCdDVhL2czNmN4UllBYz0iLCJtYWMiOiI0ODY3NzczOTVjMjZlN2Y5NmEzNTkxODhjYWVhYmY0MjJjMzQzOTFjYjM5NTFhYWM5ODFlNDZlYmE0MDVjMWU3IiwidGFnIjoiIn0=','Open Administration','','Am Stollen 11,98693 Ilmenau','2023-08-11 20:33:47','demo_hv;Service','VhPyLBLRiaUNgpS5pePUjI5ql0BBqJjE',7,'2023-08-11 20:33:47;demo_hv;Service'),
 (20,6,'Rückzahlung 3. Rate','instructed;2023-08-11 21:45:56;demo_kv;Service','2023-08-11 20:35:04;demo_hv;Service','2023-08-11 20:35:01;demo_hv;Service','2023-08-11 21:45:34;demo_kv;Service','2023-08-11 21:46:05;demo_kv;Service','','eyJpdiI6InRQaWE4WE1hdlhGWTFDV0pCdWpKbUE9PSIsInZhbHVlIjoiZ1ZVKzVDTW9xVGd4V3M3dW5kOU5PTExvMkhuUndxb3JyZEpjcHRpY2h3cz0iLCJtYWMiOiIzNTFkYTk0ZTMwMGU1M2UyYWYzNDBjZGQ0Zjg1YTdmMmVlMWI4OTk2ZWE4YzQxY2M2MWViOGJhZGVjMjdjYWZiIiwidGFnIjoiIn0=','Open Administration','','Am Stollen 11,98693 Ilmenau','2023-08-11 20:34:47','demo_hv;Service','JaQKYTklTyKmzbtL6xrOFC3tUeorvEXV',7,'2023-08-11 20:34:47;demo_hv;Service'),
 (21,6,'Rückzahlung 4. Rate','instructed;2023-08-12 18:20:55;demo_kv;Service','2023-08-11 20:36:02;demo_hv;Service','2023-08-11 20:35:59;demo_hv;Service','2023-08-11 21:45:36;demo_kv;Service','2023-08-12 18:20:58;demo_kv;Service','','eyJpdiI6IlFwSVNwWFB6MlpXOS9zYVFpdC9HRHc9PSIsInZhbHVlIjoia1NHN2xyejVaa09kQlZTRFlPQXBXbmg1czk5alRZOVNNOTNLVzlEYlJTRT0iLCJtYWMiOiIxODNjMjZmYTdmZGYwYmRjMDA2ZGNlZGM2YWNiZmE0M2IwZTIyODc5MzhmYTdiMDJkNGNiZDU0MDRiYjUzNzFjIiwidGFnIjoiIn0=','Open Administration','','Am Stollen 11,98693 Ilmenau','2023-08-11 20:36:16','demo_hv;Service','LHFpyox4egXBTkFtB7lko36mtipZjfuG',8,'2023-08-11 20:35:49;demo_hv;Service'),
 (22,6,'Rückzahlung 5. Rate','instructed;2024-01-11 11:17:17;michelle;Michelle Storandt','2023-08-11 20:37:34;demo_hv;Service','2023-08-11 20:37:31;demo_hv;Service','2023-08-11 21:45:37;demo_kv;Service','','','eyJpdiI6InVDMG9XUTJWdFVXUHlzbkZXL2E2SWc9PSIsInZhbHVlIjoiUXJ2YTVqTWdSTzQ2aVJETGZabWZlQUdFNVRQUDRWVy9mWSs4dUtRNGxERT0iLCJtYWMiOiIwYzQ2Yjg4YzIxYjI1MWFhYjRiNDg1YTQwOTBmZGQ4ZjBkOThhMzYzYzYyZjFjNmU2MDZjNDlkMTc1MzE0NzcwIiwidGFnIjoiIn0=','Open Administration','','Am Stollen 11,98693 Ilmenau','2023-08-11 20:37:27','demo_hv;Service','06cSuMX5j8JMD8fNDMqJJZB7192AjGUl',9,'2023-08-11 20:36:48;demo_hv;Service'),
 (23,8,'Kontogebühren Quartal 1','instructed;2024-10-01 14:04:13;michelle;Michelle Storandt','2023-08-11 20:46:54;demo_hv;Service','2024-10-01 14:03:58;michelle;Michelle Storandt','2024-02-09 23:07:32;demo_kv;Service','2024-10-01 14:04:16;michelle;Michelle Storandt','','eyJpdiI6ImVIRFkvRUNFUXRNcU9oL3RkNWF2cmc9PSIsInZhbHVlIjoiR0JnanNCQ3FxMWlXaUlMbHl1Slh5c2pHUE83eFFBaUlTYVJnVmRBaE1uND0iLCJtYWMiOiIyZjEwZGVjMmE1MzdlNjRiMTRmNzExZWRjYTVlZDYyNGFlNTlkY2NiMTlhMGFlYjIxY2E3ZmY1ODA5OTUxZTJiIiwidGFnIjoiIn0=','Bank XY','','Bankstraße,PLZ Bankort','2023-08-11 20:46:41','demo_hv;Service','kklT5rvnfNF2OPUTBzQ23Xq8M3DUyIAo',14,'2023-08-11 20:46:41;demo_hv;Service'),
 (24,8,'Kontogebühren Quartal 2','instructed;2024-10-01 14:11:20;michelle;Michelle Storandt','2023-08-11 20:48:59;demo_hv;Service','2024-10-01 14:11:12;michelle;Michelle Storandt','2024-10-01 14:11:15;michelle;Michelle Storandt','2024-10-01 14:11:26;michelle;Michelle Storandt','','eyJpdiI6IjVDUVVGRWttbzNvTDVZV21KQ0M3L0E9PSIsInZhbHVlIjoiZ0xQeHlLZ3ZTZkFUQzdZL2hpT2ExVkdkNmQ0TWJCUWJENEdwU0crS21wOD0iLCJtYWMiOiIyYTY3YmZjZTU0ZjE3ZDcyNTQwN2RjZTlhZmI1NjVkM2VlYzRiNjdhMjM2NWEwMjdmMWMxOTgyOWU5NTllN2VjIiwidGFnIjoiIn0=','Bank XY','','Bankstraße,PPLZ Bankort','2023-08-11 20:48:46','demo_hv;Service','sSAO7X99zF3qgoSZ4I6mrmkJrR5cfYfx',14,'2023-08-11 20:48:46;demo_hv;Service'),
 (25,9,'Auszahlung Konto in Bargeldkasse','instructed;2023-08-11 21:47:01;demo_kv;Service','2023-08-11 20:54:07;demo_hv;Service','2023-08-11 20:54:03;demo_hv;Service','2023-08-11 21:46:50;demo_kv;Service','2023-08-11 21:47:07;demo_kv;Service','','eyJpdiI6Ilo0V1Y5ZnB3eVBZK1BIZHB4VXpkUXc9PSIsInZhbHVlIjoiN3pyKzllOU9paXkzYlJscmZub2lRNzZCMXBJV0FCSmdidDRQRHViQklyWT0iLCJtYWMiOiJmODQwODBkNjc2OWNlNjA1ZDk3MjM1NWZhOTk1MWI5MjE4OWY5MDA0Y2I3NDJjNDAwMDkxN2NjZDI4YmM4NTkwIiwidGFnIjoiIn0=','Open Administration','','Am Stollen 11,98693 Ilmenau','2023-08-11 20:53:53','demo_hv;Service','Lf4p6yDO04fXJH0T2PUUdxN4B8c3AmtY',7,'2023-08-11 20:53:53;demo_hv;Service'),
 (26,9,'Einzahlung von Konto in Bargeldkasse','instructed;2023-08-11 21:47:02;demo_kv;Service','2023-08-11 20:55:44;demo_hv;Service','2023-08-11 20:55:41;demo_hv;Service','2023-08-11 21:46:53;demo_kv;Service','2023-08-11 21:47:09;demo_kv;Service','','eyJpdiI6IlpYUm5DdzEvV2UrSnBkMTcwdk9Hbmc9PSIsInZhbHVlIjoiK0hlL3VsRHk3cmY4dGhRaUw4dkxsNmJTS1ZEZXZvdDNQajI0Z1NKbG9Eaz0iLCJtYWMiOiIzNjE1MDc4NzgzM2M3MTAwNmFmYTUxMmMzNTI1MWYxODE3NGVmMjY0NDU2YjllNDQxMTIyOTgwYjFjMjEyNTZkIiwidGFnIjoiIn0=','Open Administration','','Am Stollen 11,98693 Ilmenau','2023-08-11 20:55:27','demo_hv;Service','Jglmbe43GT5CMZ7Yfy6X0PsfcPhL8R7T',7,'2023-08-11 20:55:27;demo_hv;Service'),
 (27,10,'Ausgabe Wechselkasse','instructed;2023-08-11 21:47:04;demo_kv;Service','2023-08-11 21:00:06;demo_hv;Service','2023-08-11 21:00:03;demo_hv;Service','2023-08-11 21:46:54;demo_kv;Service','2023-08-11 21:47:11;demo_kv;Service','','eyJpdiI6ImMzQlBBdnRIZUtNaEdacmhDQkRibmc9PSIsInZhbHVlIjoiRjF0Zm1NY3o1S2Y4VndXTFg5dHF3Q2ZmL21Bby9lS1BBQnVKb1JIR2Jmcz0iLCJtYWMiOiIyZDE4NzMwNzUzZTFlZGUzMTMwZjFjYTQ0YTQyOGI4ZDM1MTcxYjQxNjVlM2ZlNTc0MGFkNTUyNzFjYjhmZjMyIiwidGFnIjoiIn0=','FSR WM','','Am Stollen 11,98693 Ilmenau','2023-08-11 20:59:53','demo_hv;Service','zLBSLWmjXvzt3XUH3I5m69kldFym98FQ',7,'2023-08-11 20:59:53;demo_hv;Service'),
 (28,10,'Rückgabe Wechselkasse','instructed;2023-08-11 21:47:05;demo_kv;Service','2023-08-11 21:01:08;demo_hv;Service','2023-08-11 21:01:04;demo_hv;Service','2023-08-11 21:46:55;demo_kv;Service','2023-08-11 21:47:13;demo_kv;Service','','eyJpdiI6Ik1PaCtXM1NYMjRGU285WE0wbEtMMnc9PSIsInZhbHVlIjoiNDEyakNCVXpCb09vK0lPQ0JiamVlY1poTFFUMU9zTk5OVkl2UFVqYjYvbz0iLCJtYWMiOiIwOWQ1ZDZkNzdkNDk0NDg1MGUwOGY0YzExMWFkOGUwNzNhY2ZhZTcwYzA1MTU4MzY3YmQyODU4YzVhYTQ0MzBjIiwidGFnIjoiIn0=','Open Administration','','Am Stollen 11,98693 Ilmenau','2023-08-11 21:00:53','demo_hv;Service','gZDIMDy6tmmiWSQW4WwXFrRipLfCgfto',7,'2023-08-11 21:00:53;demo_hv;Service'),
 (29,15,'FSR Domains','instructed;2024-01-11 10:55:32;michelle;Michelle Storandt','2024-01-11 10:55:29;michelle;Michelle Storandt','2024-01-11 10:55:24;michelle;Michelle Storandt','2024-01-11 10:55:26;michelle;Michelle Storandt','','','eyJpdiI6IkMrRnhNdThoQlIxMFBGamdyZFFDcXc9PSIsInZhbHVlIjoidXB3L0s2Y1RFMmRtTXI5cnNkRENsdm5vcW1sQ05jS25xcGlBUTRKQUdqZz0iLCJtYWMiOiIxY2MyZGRhMzY1MjJmNGVlZWI2YWQ2ZmY3NGQ4YzBhYjY3YWNkNzU4ZWYxNmI0NmRhYmQwZTlmMzcxYzJiMGExIiwidGFnIjoiIn0=','Domainhoster','Rechnung Domainhoster 1234','Musterstraße in Musterstadt','2024-01-11 10:49:58','michelle;Michelle Storandt','rsQDuHzKd4gTbqFdemXpBcjxnoV9TF7N',8,'2023-11-23 16:40:50;demo_hv;Service'),
 (30,1,'Mai 2023','instructed;2024-10-01 14:09:44;michelle;Michelle Storandt','2024-10-01 14:09:41;michelle;Michelle Storandt','2024-10-01 14:09:33;michelle;Michelle Storandt','2024-10-01 14:09:38;michelle;Michelle Storandt','2024-10-01 14:09:47;michelle;Michelle Storandt','','eyJpdiI6InBncjhZVXFXSGFKbkdCdjBhZ0JiTEE9PSIsInZhbHVlIjoiUXJiVUUyRVpyOVZlY2xjb25DOEdpQ1lRSS9SdlNpMEg0M2pwNWVPWjhGND0iLCJtYWMiOiI4ZWFmYzFlZGU4MjUwY2RlY2NiOGViZDljZWU1MTRlZTJhYWRlYzMwZjFkYmM0ODRjMmI3NWU5N2EzMWQ2MTdlIiwidGFnIjoiIn0=','Studierendenrat der fiktiven Uni','','Straße des StuRa 1,98693 fiktive Stadt','2024-10-01 14:09:20','michelle;Michelle Storandt','R0AfjxsJAwal0b8YiKvXDmyhf6xNRz9A',7,'2024-10-01 14:09:20;michelle;Michelle Storandt'),
 (31,16,'Miete und Kaution Transporter','instructed;2024-10-16 13:26:13;michelle;Michelle Storandt','2024-10-16 13:26:05;michelle;Michelle Storandt','2024-10-16 13:25:58;michelle;Michelle Storandt','2024-10-16 13:26:01;michelle;Michelle Storandt','','','eyJpdiI6Ijg3cDBmTERMNnhDcERHeS9PTElZU3c9PSIsInZhbHVlIjoicFVPa0pnVkhzL0RKS0ZCWHRxSUR1RXNPQUJVUTRjNXp0bWlIT0wzSURuZz0iLCJtYWMiOiI0NmE5MjQ3N2EzNTNkODNiMWRhYzE0NTkxNzFiNzliZmUwMDdhZTE2YWUzNmJmYWU2YmY4Y2ZkZjk3MjNiYTg0IiwidGFnIjoiIn0=','Transportervermietung','','Musteradresse','2024-10-16 13:25:44','michelle;Michelle Storandt','fAlDjDIiBbmBoi7fakUwNgoNzRodcXNx',6,'2024-10-16 13:25:44;michelle;Michelle Storandt'),
 (32,16,'Merchandise','instructed;2024-10-16 14:13:07;michelle;Michelle Storandt','2024-10-16 14:13:04;michelle;Michelle Storandt','2024-10-16 14:11:04;michelle;Michelle Storandt','2024-10-16 14:11:08;michelle;Michelle Storandt','','','eyJpdiI6IkF1YWlTN1VNK1haN2RObE1HZEY4SUE9PSIsInZhbHVlIjoiaXVpR1cwWXlhYkZzN3lLR2NxM2ZhSXpWUFBLRXhPWU1sd1p4d0pxSWZHVT0iLCJtYWMiOiI4MzM2OWE1ZjRlMDg1MDE0YTk1ZTA2MTMxYzVjMWZhYzAyNTk0NjBhZTYxYjNhNTU2ZTQ1YWEyZTc3ZGJmYzE3IiwidGFnIjoiIn0=','Shirtschleuder','Rechnung 2023-09','Ilmenau','2024-10-16 14:09:02','michelle;Michelle Storandt','WguLg8WVp0UEFV3PqeclLxgYluJeTQma',6,'2024-10-16 14:09:02;michelle;Michelle Storandt'),
 (33,2,'Hetzner August','instructed;2024-10-16 14:20:52;michelle;Michelle Storandt','2024-10-16 14:20:49;michelle;Michelle Storandt','2024-10-16 14:20:39;michelle;Michelle Storandt','2024-10-16 14:20:44;michelle;Michelle Storandt','','','eyJpdiI6IjJVV2Z2bUVkVmZpM2pRRFI5a0ZpTkE9PSIsInZhbHVlIjoiQkVEeHZvU0w3aUZqT2RpQysyR3A0S1NHREI4Q2JZa3NKOEZzRi9WWTVyOD0iLCJtYWMiOiJiNTgzODczZTdkNTc3NDBkYzBlNDFiYTJjOGFjNWJmY2NmZmE0ZDg1ZjU0NGE5N2U4NTExM2NjMzU0ZTRjNzA5IiwidGFnIjoiIn0=','Hetzner Online GmbH','Rechnung 08/2023','Industriestr. 25,91710 Gunzenhausen','2024-10-16 14:20:29','michelle;Michelle Storandt','Ig1BtrxUaXmaJyWBWHqGkasAoPHIdx4m',6,'2024-10-16 14:20:29;michelle;Michelle Storandt'),
 (34,2,'Hostsharing August','instructed;2024-10-16 14:22:10;michelle;Michelle Storandt','2024-10-16 14:22:05;michelle;Michelle Storandt','2024-10-16 14:22:00;michelle;Michelle Storandt','2024-10-16 14:22:03;michelle;Michelle Storandt','','','eyJpdiI6IjVTTHJkM2gvN0UraGZLK0hQZjZwNWc9PSIsInZhbHVlIjoiTjhUcm4wSTBEZ0JQVWp5d3MyZWhhQTQ1U3MxNEJLOVpxci9oclpKU0JlYz0iLCJtYWMiOiI3MDA4NjEzY2Y2ODlhYWFhYTljY2VlZWI0NDBjNTVmMjQxNTNlYjQ0N2NiMjY3ODNiM2RjZWVhNzJhNTgwOWI1IiwidGFnIjoiIn0=','Hostsharing eG','2023-08','Flughafenstraße 52a,22335 Hamburg','2024-10-16 14:21:50','michelle;Michelle Storandt','OtroaDMiY7B9ZOAqhUXheqUy6bFEZBjg',6,'2024-10-16 14:21:50;michelle;Michelle Storandt'),
 (35,16,'Spiele EGN','instructed;2024-01-11 10:41:48;michelle;Michelle Storandt','2024-01-11 10:36:32;michelle;Michelle Storandt','2024-01-11 10:37:34;michelle;Michelle Storandt','2024-01-11 10:37:37;michelle;Michelle Storandt','','','eyJpdiI6ImlLc1F2V1F6TkJSNGhZSlhVWU96S0E9PSIsInZhbHVlIjoiWVBHRDRud3pVNlJ5YjhHdHFVMHAyREp0b2hIU3VMbXVFRWRRNlJTblpJdz0iLCJtYWMiOiJmYTNlODY4MGE0Mjk3YzI2OGI5MDQxY2U0ZGUzMWJhMTZkZGUyNTEyZDBlYWNmMjdjZGIwYzY3ZWFjNDhlNWVjIiwidGFnIjoiIn0=','Happyshops GmbH','Rechnung 123','Schokholtzstr. 6\r\n06217 Merseburg','2024-01-11 10:37:28','michelle;Michelle Storandt','UkHimGzilsvym69C1DJ8aPcDQvCsAw3N',13,'2024-01-11 10:36:10;michelle;Michelle Storandt'),
 (36,16,'Getränkeeinkauf','instructed;2024-01-11 10:46:56;michelle;Michelle Storandt','2024-01-11 10:46:53;michelle;Michelle Storandt','2024-01-11 10:46:48;michelle;Michelle Storandt','2024-01-11 10:46:51;michelle;Michelle Storandt','','','eyJpdiI6ImtzR0hiUzZycklQcmJrYUNiVHc3Ync9PSIsInZhbHVlIjoiams1RW5XeGlva1hzejFpelFHU2J6ZlZsaVl3NVFNQkVZeW5MVUdqcGVuMD0iLCJtYWMiOiIxODFjYWFmOTcyNzZiNTRlMjAxOGRjYThmNTNiNDAxMGVmM2RhNDQ1MjZiYjViNjljMWU4N2NmZDI3MTA0ODYzIiwidGFnIjoiIn0=','Mensch mit Bargeld','','Musterstraße,Musterstadt','2024-01-11 10:46:32','michelle;Michelle Storandt','v1n9nNkCA2yZxf8HeGh98woQnvd2sRCY',6,'2024-01-11 10:46:32;michelle;Michelle Storandt'),
 (37,8,'Kontogebühren Quartal 3','instructed;2024-01-11 10:57:22;michelle;Michelle Storandt','2024-01-11 10:57:18;michelle;Michelle Storandt','2024-01-11 10:57:13;michelle;Michelle Storandt','2024-01-11 10:57:16;michelle;Michelle Storandt','','','eyJpdiI6IkY3dWhCaW14Y25acHlya1JsSWNwb0E9PSIsInZhbHVlIjoiYVhHanVjN0NKSVE3WmF3cGFBS2VEcUsyb0RzbnpaREhJOEd1NkNpNHNXOD0iLCJtYWMiOiJhNTg1YWY1MjJkODIxNmNlNTJkOGVmY2UxNTIwMzBkNmRjYTIwNWU2ZGMyZmYxZWI2NDk0ZjA2MjU2NTUzMmY2IiwidGFnIjoiIn0=','Bank XY','','Bankstraße,PPLZ Bankort','2024-01-11 10:57:03','michelle;Michelle Storandt','DAqt4zikFv2RZP6VzbG4CPGoyCkw4EjW',6,'2024-01-11 10:57:03;michelle;Michelle Storandt'),
 (38,2,'Hetzner September','instructed;2024-01-11 10:59:44;michelle;Michelle Storandt','2024-01-11 10:59:36;michelle;Michelle Storandt','2024-01-11 10:59:30;michelle;Michelle Storandt','2024-01-11 10:59:33;michelle;Michelle Storandt','','','eyJpdiI6IjFjT1dsd1FrVTJwNUdDR3NNOGpPVVE9PSIsInZhbHVlIjoiOTRPS2hZYi85YitTUmVpUmhxVzJaclg4T0ZkV1Nma1Z3RHJCbm1jckJzOD0iLCJtYWMiOiIyMzE1ZGQ5OTI3YjM5NmU4MjlmMWIzMTQ2ZWRlYTU0OGVkZDgxMTAzNTczMzMzN2ExYWNkOGU5MjRmYmQ0ODhiIiwidGFnIjoiIn0=','Hetzner Online GmbH','Rechnung 09/2023','Industriestr. 25,91710 Gunzenhausen','2024-01-11 10:59:07','michelle;Michelle Storandt','owSHidtk1F14lUEO1Q4dhU9khhNLU2S8',6,'2024-01-11 10:59:07;michelle;Michelle Storandt'),
 (39,2,'Hetzner Oktober','instructed;2024-01-11 11:00:58;michelle;Michelle Storandt','2024-01-11 11:00:54;michelle;Michelle Storandt','2024-01-11 11:00:48;michelle;Michelle Storandt','2024-01-11 11:00:51;michelle;Michelle Storandt','','','eyJpdiI6ImpGNHJlRmMzYm53V255c2ROVmVSWWc9PSIsInZhbHVlIjoiZGs3VDk3bkoyRTlCSXNyb29xaEdPa2ZzMWMzcHI1Y1FaZnpRL004ZDU5ND0iLCJtYWMiOiI3M2QwZmIxOThmNDJlZjk0ZTY0OTQwZGYyOGYyMzNkMDdlZjdmZjY4YjVmOGMxMjE1MTNhYThlNDlhOGM2YTlkIiwidGFnIjoiIn0=','Hetzner Online GmbH','Rechnung 10/2023','Industriestr. 25,91710 Gunzenhausen','2024-01-11 11:00:39','michelle;Michelle Storandt','P6YLKjXKmJrsApxNS2ScKg6ctgZQuzQI',6,'2024-01-11 11:00:39;michelle;Michelle Storandt'),
 (40,2,'Hetzner November','instructed;2024-01-11 11:03:51;michelle;Michelle Storandt','2024-01-11 11:03:45;michelle;Michelle Storandt','2024-01-11 11:03:40;michelle;Michelle Storandt','2024-01-11 11:03:43;michelle;Michelle Storandt','','','eyJpdiI6ImZmd09ON3VicFEwbGZvQks1RDh1SlE9PSIsInZhbHVlIjoiZWRsb2JMQzg2SnV3cGlja25WWmZxWXlDU0lLTC9oWGQvdTErTmkvTkZ2UT0iLCJtYWMiOiI4MmYzYWNhNDRjMDcwZDg1MWU5YjQyNzc1YTEyNzdiZDM0OTQ0N2EwNzA5MTgyNzYwODlhNmU5YTkwYWZmMTFmIiwidGFnIjoiIn0=','Hetzner Online GmbH','Rechnung 11/2023','Industriestr. 25,91710 Gunzenhausen','2024-01-11 11:01:46','michelle;Michelle Storandt','5OOLRFt0zU8ae9kRwyZjJc1fWSNy6Dkk',6,'2024-01-11 11:01:46;michelle;Michelle Storandt'),
 (41,2,'Hetzner Dezember','instructed;2024-01-11 11:05:12;michelle;Michelle Storandt','2024-01-11 11:05:09;michelle;Michelle Storandt','2024-01-11 11:05:04;michelle;Michelle Storandt','2024-01-11 11:05:06;michelle;Michelle Storandt','','','eyJpdiI6InMyaVRYb3haU0tyUGo0eDJyRlhSK1E9PSIsInZhbHVlIjoiTHZrSGI2RXJXOUptTW1ua08rR0dnYmUzdFlabHkyNlArd2VwdTlBTjNjRT0iLCJtYWMiOiJiZjhlNzdlZWNiYTVhYzI1YzNjNjI5Zjk1MGI4Nzk3ZDdiYWQ4MDUzMjBlN2YyM2IzNzI5ZWVmYWMyYTZkZTNkIiwidGFnIjoiIn0=','Hetzner Online GmbH','Rechnung 12/2023','Industriestr. 25,91710 Gunzenhausen','2024-01-11 11:04:54','michelle;Michelle Storandt','jayTWVtoS0CvqwqWacun5pFoynWrON6H',6,'2024-01-11 11:04:54;michelle;Michelle Storandt'),
 (42,2,'Hostsharing September','instructed;2024-01-11 11:07:33;michelle;Michelle Storandt','2024-01-11 11:07:29;michelle;Michelle Storandt','2024-01-11 11:07:24;michelle;Michelle Storandt','2024-01-11 11:07:27;michelle;Michelle Storandt','','','eyJpdiI6IlkwUHdOMEd0WHBnYjVySTA2QThKV3c9PSIsInZhbHVlIjoiNlNRNjEwcUxPUS9RNmZDVERNckFBMSszRXEwdW4vdjFjdVFwVExaSXU1RT0iLCJtYWMiOiI3YTRlYmZkNmU3MjQwODkzZmY0ZDgwZjkyNDM0ZDhhZGRiZWU5YmIyZDc1Yjg4MDE4NWM5ZmExMWY5NjAyM2Y2IiwidGFnIjoiIn0=','Hostsharing eG','2023-09','Flughafenstraße 52a,22335 Hamburg','2024-01-11 11:07:14','michelle;Michelle Storandt','wEWb7Rd6YKRvCdb77M1XKveRxplEeYIF',6,'2024-01-11 11:07:14;michelle;Michelle Storandt'),
 (43,2,'Hostsharing Oktober','instructed;2024-01-11 11:08:39;michelle;Michelle Storandt','2024-01-11 11:08:36;michelle;Michelle Storandt','2024-01-11 11:08:30;michelle;Michelle Storandt','2024-01-11 11:08:33;michelle;Michelle Storandt','','','eyJpdiI6InFrbStSbE4zRTk1RnU2OTFvQWQrWHc9PSIsInZhbHVlIjoiTlNXb0lYRDdPU3ZHaVgveTI3blkvdWNhdHhROHUwQVpQbEoxNFo3Uk03MD0iLCJtYWMiOiI1YjM3NjExZTM2ZjVhYjc0MGVkZDc5MDNjOGU3MjgwN2U4MTNhNThkODhmYTBiNjE0NjVkMWY3YWVkMmMxNzE3IiwidGFnIjoiIn0=','Hostsharing eG','2023-10','Flughafenstraße 52a,22335 Hamburg','2024-01-11 11:08:20','michelle;Michelle Storandt','n1JKY5xrjr4pB4LO2npNKd7qZjFxmoWy',6,'2024-01-11 11:08:20;michelle;Michelle Storandt'),
 (44,2,'Hostsharing November','instructed;2024-01-11 11:09:48;michelle;Michelle Storandt','2024-01-11 11:09:45;michelle;Michelle Storandt','2024-01-11 11:09:39;michelle;Michelle Storandt','2024-01-11 11:09:42;michelle;Michelle Storandt','','','eyJpdiI6ImNRSk1oc29qSWpRRlNCQ3NNdW03b1E9PSIsInZhbHVlIjoiVUhTbVczdEo1dzc3ZmlFY0ZHVm1oZ3d3VjhUT3lkU0ZEYzNLS3pZK2l4UT0iLCJtYWMiOiI2OTI3NTQzOGZiZWE3MTk0ZmZjMmZjM2U2ZTk2NTQxYzY5NmFmZDQyNTA3YzZmZTBhMmI2OTE4OTYzZDViOGQ1IiwidGFnIjoiIn0=','Hostsharing eG','2023-11','Flughafenstraße 52a,22335 Hamburg','2024-01-11 11:09:28','michelle;Michelle Storandt','nRzZPA52lSaXV9Sms0BKqQtAVyAzwVU3',6,'2024-01-11 11:09:28;michelle;Michelle Storandt'),
 (45,2,'Hostsharing Dezember','instructed;2024-01-11 11:10:55;michelle;Michelle Storandt','2024-01-11 11:10:51;michelle;Michelle Storandt','2024-01-11 11:10:43;michelle;Michelle Storandt','2024-01-11 11:10:48;michelle;Michelle Storandt','','','eyJpdiI6Im5QMXA1eldxbGF2UGFacS9BYVEzOGc9PSIsInZhbHVlIjoiZVNkRW1nUldHK3MwRCtjci90cmtGb2tYeFp5bkRMTTI4QUJoV3NFNzNnZz0iLCJtYWMiOiJmOGRmNjk5NmQ2ZTE5OGU1M2Y1YmIxOGRlM2IxMzZiN2I1MzhjMDliYzZiOTQxOTVlMWU5YjgzMDY2YmRjYzgyIiwidGFnIjoiIn0=','Hostsharing eG','2023-12','Flughafenstraße 52a,22335 Hamburg','2024-01-11 11:10:33','michelle;Michelle Storandt','i3zmk3vtlO44cdrcIe8fgRnRqBayZE0W',6,'2024-01-11 11:10:33;michelle;Michelle Storandt'),
 (46,2,'Hostsharing Januar','instructed;2024-01-11 11:12:18;michelle;Michelle Storandt','2024-01-11 11:12:15;michelle;Michelle Storandt','2024-01-11 11:12:09;michelle;Michelle Storandt','2024-01-11 11:12:12;michelle;Michelle Storandt','','','eyJpdiI6IndTMnRwNU5wdUFXa2RJbUhCSTJBUnc9PSIsInZhbHVlIjoiRGk5YXZIc2didm5ZWFcrL2d2RDN3M0FKM2ZyNkF2M2p0K3FvM2VWYkdqRT0iLCJtYWMiOiI0ZTUyMzMzMGY2YjMxNjFlNjlkYmJkNTM2NmQ1MDEyYmM3OTFmZWM0NjkwZmRjNTdlOGM5M2YwZjE1MWM4NDU1IiwidGFnIjoiIn0=','Hostsharing eG','2024-01','Flughafenstraße 52a,22335 Hamburg','2024-01-11 11:11:38','michelle;Michelle Storandt','S8ji9jr5dQY5qTxbkvZJh3rT0nE3c8jF',6,'2024-01-11 11:11:38;michelle;Michelle Storandt'),
 (47,2,'Hostsharing Februar','instructed;2024-01-11 11:13:36;michelle;Michelle Storandt','2024-01-11 11:13:34;michelle;Michelle Storandt','2024-01-11 11:13:28;michelle;Michelle Storandt','2024-01-11 11:13:31;michelle;Michelle Storandt','','','eyJpdiI6IkFucTIvS3JOd253VUZnYVI3dm1nTnc9PSIsInZhbHVlIjoiWis0QUl2K205WEJWSHI1WlZPOFVuaXhrMHhkSHpXa1lUbFozR3dVaFlwRT0iLCJtYWMiOiJlYTA2ODc3NjY0YTkxMWM2NjFmYzZhZjNmYTdhMWNmODIzYjhiYjY5ZGE1NTBiZWY2YWViYjA2OTA4MmU2OTEwIiwidGFnIjoiIn0=','Hostsharing eG','2024-02','Flughafenstraße 52a,22335 Hamburg','2024-01-11 11:13:19','michelle;Michelle Storandt','JdgR4EEbEhD85WaklEhiWQUIb4BtQzG0',6,'2024-01-11 11:13:19;michelle;Michelle Storandt'),
 (48,8,'Kontogebühren Quartal 4','instructed;2024-01-11 11:17:09;michelle;Michelle Storandt','2024-01-11 11:16:13;michelle;Michelle Storandt','2024-01-11 11:16:07;michelle;Michelle Storandt','2024-01-11 11:16:10;michelle;Michelle Storandt','','','eyJpdiI6IjhmR0NiRnpELzgxdkVoYUFJQnlwK0E9PSIsInZhbHVlIjoiYTJrVlU4c2NBcEdSb25HVS9rTjl5QT09IiwibWFjIjoiMWIxNGRiY2NlNDc0ZmExYmVmODQ2YmIxMzE0YjAwNjU1ZWVmY2FlZDFiNTUwZmQ4YjBkYTU0ZjAxY2JlNjA0YyIsInRhZyI6IiJ9','Bank XY','','Bankstraße,PLZ Bankort','2024-01-11 11:15:57','michelle;Michelle Storandt','1eMgR9OoSYU61PLv6E6FND0keeJPmiJB',6,'2024-01-11 11:15:57;michelle;Michelle Storandt'),
 (49,16,'Einnahmen','instructed;2024-01-11 11:26:46;michelle;Michelle Storandt','2024-01-11 11:22:39;michelle;Michelle Storandt','2024-01-11 11:22:32;michelle;Michelle Storandt','2024-01-11 11:22:37;michelle;Michelle Storandt','','','eyJpdiI6IldPZit5OUtTVVRaWTFFZHI4OE9UWGc9PSIsInZhbHVlIjoiMUxrcHd2dURUeTR6OFVCQzFDa2plQkZTdTVJcUwwak9CK1MrZTY3Qkt1Yz0iLCJtYWMiOiJiZmEwZDhkN2QyM2E5ODIzNDZjZDBhZDIxMjllZmY0NTg0YjU0MDQwYjQyMGMzYTNmMTA5MTdkYjI5MWUyOGFmIiwidGFnIjoiIn0=','StuRa','','Musterstraße,Musterort','2024-01-11 11:22:22','michelle;Michelle Storandt','Sw31WlAzcUHb26Xii0me83G47Ankyezs',6,'2024-01-11 11:22:22;michelle;Michelle Storandt'),
 (50,1,'Oktober 2023','instructed;2024-01-11 11:26:21;michelle;Michelle Storandt','2024-01-11 11:25:01;michelle;Michelle Storandt','2024-01-11 11:24:34;michelle;Michelle Storandt','2024-01-11 11:24:56;michelle;Michelle Storandt','','','eyJpdiI6IllidG03NEtGRHZ5TWphNklkZllVSlE9PSIsInZhbHVlIjoiSGFtb1NDSGlmSWpMRUU3VWRpMno5SjlYWVl1ZEpXbFV2L3MwTnhsZXp5WT0iLCJtYWMiOiI0YTA0NWY5YTc3NWY3YzM3YjY1MjQ3OGIyNDNiNmMxZjY3ODY3ZGY5Y2JmYTExYzEzOTAwMWMyMDM0ZjFhNzdjIiwidGFnIjoiIn0=','Studierendenrat der fiktiven Uni','','Straße des StuRa 1,98693 fiktive Stadt','2024-01-11 11:24:17','michelle;Michelle Storandt','M013H8KLj2jW6tBF2gYbqTUjm4iwq80C',6,'2024-01-11 11:24:17;michelle;Michelle Storandt'),
 (51,14,'Gage und Reisekosten','instructed;2024-01-11 13:06:22;michelle;Michelle Storandt','2024-01-11 13:06:19;michelle;Michelle Storandt','2024-01-11 13:04:53;michelle;Michelle Storandt','2024-01-11 13:06:16;michelle;Michelle Storandt','','','eyJpdiI6IjBQQVlIeldOcFY1S010YjNMR1RHRGc9PSIsInZhbHVlIjoiK243Q21wdEF1ZkxuOEs5UnNKZytLcHkvdytQaU1JSUF3bU1tWmpzRWZHYz0iLCJtYWMiOiIxZDZhYmJkYjY5ODA4YmU5YzgxM2Y3ODJhYjk4Yzk1NDE0NTQxM2NhMDk5YzdkZDRlYWZlYzQyZWRjYzhlMDQ4IiwidGFnIjoiIn0=','Künstler XY','Rechnung 2023-10','Musterstraße,Musterort','2024-01-11 13:04:44','michelle;Michelle Storandt','VDZ9uSC5m3eaGhyE3SBn0UXYfPOtOleQ',6,'2024-01-11 13:04:44;michelle;Michelle Storandt'),
 (52,1,'Rückerstattungen Semesterbeiträge','instructed;2024-01-11 13:14:49;michelle;Michelle Storandt','2024-01-11 13:14:43;michelle;Michelle Storandt','2024-01-11 13:13:01;michelle;Michelle Storandt','2024-01-11 13:14:41;michelle;Michelle Storandt','','','eyJpdiI6IlZITWxlT3M3bmNHNWMvZDYvU0lOOHc9PSIsInZhbHVlIjoiNVpPOFpTZTE0Y1BYVTUreGd2U21sczlXYXVPdGhOc3NLdnpvTk90WmZMWT0iLCJtYWMiOiJlZGRhZTc0NzZhZjE0NjA2MTBjMmM1ZTI2NGVlOWJkOGRjODRlZTEyOTJhOWYyZmIwOWMyMDExYzUyNjUzMDdmIiwidGFnIjoiIn0=','Studis gemäß Antrag','Semesterbeitragsrückerstattung','siehe Antrag','2024-01-11 13:12:47','michelle;Michelle Storandt','1QjwzHbRJ6jOWXN1n22sXAFb8O3S9bfM',6,'2024-01-11 13:12:47;michelle;Michelle Storandt'),
 (53,14,'Bühne und Security','instructed;2024-01-11 13:16:50;michelle;Michelle Storandt','2024-01-11 13:16:47;michelle;Michelle Storandt','2024-01-11 13:16:41;michelle;Michelle Storandt','2024-01-11 13:16:44;michelle;Michelle Storandt','','','eyJpdiI6ImZaOVE2VXMrZ1Roc2g4R0dtdndRb0E9PSIsInZhbHVlIjoiQ2FBMnhUTFp4UVBoYktSWVdreVZoQW9Rb3pYd2swL0pzcS8rQURwTHpaND0iLCJtYWMiOiI0NDZlMmIyMjIxYjBkZTA1MjdiZWE2Yjg4MTRiNTU2ZWMzMmMyMmFlN2ZhMWM4MDNhMmM2OTg3ZTdkYTNiY2YwIiwidGFnIjoiIn0=','Unternehmen XY','Rechnung 21650560','Musterstraße,Musterstadt','2024-01-11 13:16:31','michelle;Michelle Storandt','R4EbuFDd1x0jqzmaTsXqNl1V8acBvz2o',6,'2024-01-11 13:16:31;michelle;Michelle Storandt'),
 (54,14,'Raummiete','instructed;2024-01-11 13:22:28;michelle;Michelle Storandt','2024-01-11 13:22:26;michelle;Michelle Storandt','2024-01-11 13:22:20;michelle;Michelle Storandt','2024-01-11 13:22:23;michelle;Michelle Storandt','','','eyJpdiI6IkRlMHd5a3RHRDQ0WS8xb2tmekdwWFE9PSIsInZhbHVlIjoidmU2eVdPcDQ3Q093RXVLMEJNUzB3NUJtczNVRElrRXl3N2lvb0hzOUhuND0iLCJtYWMiOiJkODYyYTlkNDVkOTAyMzBiMTQ3MmRkYWRhN2QwM2M0Y2FjYjllMzI2ZTJlZjNlMDA4NGJhZTQxMjY1ODI3ZGQxIiwidGFnIjoiIn0=','Stadt Ilmenau','Bescheid vom XYZ','Musterstraße,Ilmenau','2024-01-11 13:21:59','michelle;Michelle Storandt','3NOtlsNqY4f6oKxY9GpCT1nngfRjYVXr',7,'2024-01-11 13:20:37;michelle;Michelle Storandt'),
 (55,14,'Einnahmen','instructed;2024-01-11 13:24:03;michelle;Michelle Storandt','2024-01-11 13:23:59;michelle;Michelle Storandt','2024-01-11 13:23:49;michelle;Michelle Storandt','2024-01-11 13:23:56;michelle;Michelle Storandt','','','eyJpdiI6Inh3VE1yNmkvS05QRmFjTHNmMHFuRnc9PSIsInZhbHVlIjoiWHd3WFNFQWpJa293cEhGeDdUU1MrVjNNZEJDa0M4VktJV05TWldJMWduVT0iLCJtYWMiOiI3YTM2MGE3NTNhZTE5YWI5MjM2NzJlZmIyOGUwZTRmZTAwMjkyNmVkNjg5NmM4ZTlhMzE5ODIxMmJlZWU0OWFiIiwidGFnIjoiIn0=','StuRa','','StuRa Straße,StuRa Stadt','2024-01-11 13:23:19','michelle;Michelle Storandt','o1wPQHoaTDrY73d1hHy1pVWGcpubFTu0',6,'2024-01-11 13:23:19;michelle;Michelle Storandt'),
 (56,18,'Unterkunft und Verplegung','instructed;2024-01-11 13:38:28;michelle;Michelle Storandt','2024-01-11 13:38:25;michelle;Michelle Storandt','2024-01-11 13:38:19;michelle;Michelle Storandt','2024-01-11 13:38:22;michelle;Michelle Storandt','','','eyJpdiI6InJheEhCWnNweGRCaERBUTJHSlJEMlE9PSIsInZhbHVlIjoiMXd3alBQejhtMWQ5WEVqUjEzL3d2Rll1M0oyMkcyUCtJUXlEeFlqYm9JTT0iLCJtYWMiOiI3YjhiODQ2Y2QxYWJkMjBhNjM3NmQ5N2JiOTdhMTI5ZmQ5ODZjNzFhYjU1NTQ5NzM1NmJkZGNjMjgwYzZmMjdhIiwidGFnIjoiIn0=','Jugendherberge','Rechnung 2023-11-132','Jugendherbergsstr.,Stadt','2024-01-11 13:36:20','michelle;Michelle Storandt','NDBbyhOZPYLKMsMYXmAZXiunN66SNOXb',6,'2024-01-11 13:36:20;michelle;Michelle Storandt'),
 (57,18,'Bus','instructed;2024-01-11 13:40:44;michelle;Michelle Storandt','2024-01-11 13:40:41;michelle;Michelle Storandt','2024-01-11 13:40:09;michelle;Michelle Storandt','2024-01-11 13:40:38;michelle;Michelle Storandt','','','eyJpdiI6InowODU3elJQc3Y0dGphekUvd1hmVlE9PSIsInZhbHVlIjoibHd6a0pnaU9Fd0VzV0FlZkV2NWFMWVBmN3lIRWR3RlhTb0FNbGM2S1REQT0iLCJtYWMiOiJjNTQ5OGNhYTY0Nzg0NDJjM2JlN2RmZWJkNDM1ZjM1ZmQ3OWI4YmVhOTk1Yjc5NmI4MmViYmEyMGQ5MzlhMmJkIiwidGFnIjoiIn0=','Busunternehmen','Busrechnung Nr. 2','Musterstr.,Musterort','2024-01-11 13:39:48','michelle;Michelle Storandt','qkMdHduxi2JMJS3lRMMKPZ8hi22W6jiB',6,'2024-01-11 13:39:48;michelle;Michelle Storandt'),
 (58,1,'Semesterbeiträge November 2023','instructed;2024-01-11 13:45:11;michelle;Michelle Storandt','2024-01-11 13:45:07;michelle;Michelle Storandt','2024-01-11 13:45:01;michelle;Michelle Storandt','2024-01-11 13:45:04;michelle;Michelle Storandt','','','eyJpdiI6ImluOURwUlAwZHJab0gxUzZZM1JZWnc9PSIsInZhbHVlIjoiTDVVeHVRb3hVeXJieGQrNmE2MVl3NnNybUdyV1hxTUhuSGwzdEN0cE1Xaz0iLCJtYWMiOiI2M2RhMTk3N2E1ZmI4NTA1MGYwYTM0ODgzNzdmMGU2YWFlN2RiYzNjNDlhMzNlODk0ZjdiYzVjZDZiNzY0OTAyIiwidGFnIjoiIn0=','Open Administration UG (haftungsbeschränkt)','Semesterbeiträge November','Am Stollen 11,98693 Ilmenau','2024-01-11 13:44:51','michelle;Michelle Storandt','jfOr8OVlKbhGhzkPglgg8iy9JDeheEBc',6,'2024-01-11 13:44:51;michelle;Michelle Storandt'),
 (59,21,'Mashup Germany','instructed;2024-01-11 13:57:48;michelle;Michelle Storandt','2024-01-11 13:57:45;michelle;Michelle Storandt','2024-01-11 13:57:40;michelle;Michelle Storandt','2024-01-11 13:57:43;michelle;Michelle Storandt','','','eyJpdiI6Ikd1K0I0WFIrb1UyMUN1MDl1V1k2WHc9PSIsInZhbHVlIjoiNFZKUVJ2eU1UdHZ2dXRSZ3prRXRJN2NjaUxWYkxKMkpFWVk1UENYQml3VT0iLCJtYWMiOiI2NDRjOTJjMTEyNDI0OGJmZDExNGM3N2VjZWFjZGZlYzEyMTZkY2ZmYWU2YTYzZDQ2ZmU1NzU3ZWYwNjU3NTZiIiwidGFnIjoiIn0=','DJ','DJ Rechnung A','Musterstr.,Musterort','2024-01-11 13:56:57','michelle;Michelle Storandt','uo9nTbROTDpQnu6ZwNv9b7QeviOTs5Yb',6,'2024-01-11 13:56:57;michelle;Michelle Storandt'),
 (60,21,'Raummiete','instructed;2024-01-11 14:04:49;michelle;Michelle Storandt','2024-01-11 14:04:46;michelle;Michelle Storandt','2024-01-11 14:04:40;michelle;Michelle Storandt','2024-01-11 14:04:43;michelle;Michelle Storandt','','','eyJpdiI6Im1CNTExMXgvWnM3QUNzblhWd2RDWWc9PSIsInZhbHVlIjoid0YyRGFkQXJIYTBRbXVmU1l3RSsyZDZYcXRPaGRGZHN6cGxCMzNoQlUzYz0iLCJtYWMiOiI3NDhmMGM3ZTU2N2JlYmViZmYyNGIwOTliMmRhNTk3ZjU1MmRiOTk0MzY2MjZmYTAwM2YzODJhNjRlYWM5OGI0IiwidGFnIjoiIn0=','Studierendenwerk Thüringen','Rechnung 22-11-34','Musterstr.,Musterort','2024-01-11 14:04:30','michelle;Michelle Storandt','0V3OIkscZCRxnQFXPBjWPzQTjBBsHJLy',6,'2024-01-11 14:04:30;michelle;Michelle Storandt'),
 (61,21,'Private Auslagenerstattung','instructed;2024-01-11 14:07:48;michelle;Michelle Storandt','2024-01-11 14:07:45;michelle;Michelle Storandt','2024-01-11 14:07:39;michelle;Michelle Storandt','2024-01-11 14:07:42;michelle;Michelle Storandt','','','eyJpdiI6IlAyZ3AxWURubjhpNXRRK256WS9Da1E9PSIsInZhbHVlIjoiUkU3SU9jWFdneWRpcVhBbEI5elJsTUxjcDZZZzhLUUhraE9QYm9UYTFoST0iLCJtYWMiOiJmM2U5NTk5MDcyNDE2ZjEwNzg2NjFhOTljMGU3ODU5Y2QxN2Y3NDU3MjQ0YWU4YTA1Zjc5ZmNkY2I5MDgwNzc4IiwidGFnIjoiIn0=','Mustermensch','','Musterstr.,Musterort','2024-01-11 14:07:29','michelle;Michelle Storandt','SAWHLyIxCmUqfSWhL8CDXsuSvIAHoTo7',6,'2024-01-11 14:07:29;michelle;Michelle Storandt'),
 (62,20,'Abrechnung','instructed;2024-01-11 14:17:27;michelle;Michelle Storandt','2024-01-11 14:17:22;michelle;Michelle Storandt','2024-01-11 14:17:17;michelle;Michelle Storandt','2024-01-11 14:17:20;michelle;Michelle Storandt','','','eyJpdiI6IktBOG0rR1BDeHNrZGdrNFk0YStOMWc9PSIsInZhbHVlIjoiSEJDZjVQWEovNUtHajBLZmZUZTI4ZGN0a09LR21UL1dTcmVjWUplcml1VT0iLCJtYWMiOiI3ZDhmMjc2ZjAzMWNlMjY2NzNkYTM5NGZlMDYyYTk1ZWFkYzFhYmQ3M2Y5M2U3ZDlkMzdkNzdmOGZmZDZlNjM4IiwidGFnIjoiIn0=','StudiClub e.V.','','Musterstr.,Musterort','2024-01-11 14:17:07','michelle;Michelle Storandt','gK2MvP18d7WOAkijnZK8Er53LW057fsz',6,'2024-01-11 14:17:07;michelle;Michelle Storandt'),
 (63,22,'Januar 2024','instructed;2024-01-11 14:40:36;michelle;Michelle Storandt','2024-01-11 14:40:33;michelle;Michelle Storandt','2024-01-11 14:40:27;michelle;Michelle Storandt','2024-01-11 14:40:31;michelle;Michelle Storandt','','','eyJpdiI6IkFhcGpIeUM1dk1SeTVRSWk2SFdWVWc9PSIsInZhbHVlIjoiVnZobnhZWUl2TE5yQlYwaHRFdDJibVJpSFdqM0Y1dm9TdXZCSHQ2L0lBVT0iLCJtYWMiOiIzNmZjYWRmZDlmMzEyNjk2MDNmOGUyNDUxZWJkNmVhYWY4YzE1MjhmNzE1ZjYwNjQ5YzQ5ZWYwYmFjZjQxZDM4IiwidGFnIjoiIn0=','Lohnbüro','2024-01','Musterstr.,Musterort','2024-01-11 14:25:21','michelle;Michelle Storandt','ONn2QnndpsBQzDLMJAWlMHO7awuFdUo4',6,'2024-01-11 14:25:21;michelle;Michelle Storandt'),
 (64,9,'Transfer Bar zu Konto','instructed;2024-01-11 14:42:33;michelle;Michelle Storandt','2024-01-11 14:42:30;michelle;Michelle Storandt','2024-01-11 14:42:24;michelle;Michelle Storandt','2024-01-11 14:42:27;michelle;Michelle Storandt','','','eyJpdiI6ImF3OUIvcEdSODdwSWYwdXBkb29zTlE9PSIsInZhbHVlIjoicFBSNTVpU1RCYTJLYTl3YTRzbDk4SWZKWUdoa29DL1h6bGlPbVF0TjJFTT0iLCJtYWMiOiJhYzAzZWJlZGUzNGQ4MzU0OGFkZGI5YTljYjBjODI1MDdjZTJiMDA4OWY4YzExYTc2ODczZTVmMWU2ZmQxMDUyIiwidGFnIjoiIn0=','StuRa','','Musterstr,Musterort','2024-01-11 14:42:13','michelle;Michelle Storandt','AO6ij8nB9ygiXgq3l09WbfHSVWjGRZm4',6,'2024-01-11 14:42:13;michelle;Michelle Storandt'),
 (65,22,'Februar 2024','instructed;2024-01-11 14:59:51;michelle;Michelle Storandt','2024-01-11 14:59:47;michelle;Michelle Storandt','2024-01-11 14:56:36;michelle;Michelle Storandt','2024-01-11 14:59:44;michelle;Michelle Storandt','','','eyJpdiI6IlF3ckFvK1cvRGdPay90VEkxMkFjcUE9PSIsInZhbHVlIjoiMnN3eEtGRmlsdGlhck5pNmRSRXMvQ1R2UzlKRmlJRlUxNVBoMUs0UHN2bz0iLCJtYWMiOiJjNmI2YzU2ODYxYWNiN2IyMDM3YmRhNGE2ODNiNTQ4ZDhkOGFjMjU1Mjk3ZjNhMTQ0NjM0MGM2NTQ1NjM2MjFjIiwidGFnIjoiIn0=','Lohnbüro','2024-02','Musterstr.,Musterort','2024-01-11 14:56:26','michelle;Michelle Storandt','4bjgFC49ioc2SobCBoJqDEprA6zyjOY7',6,'2024-01-11 14:56:26;michelle;Michelle Storandt'),
 (66,22,'März 2024','instructed;2024-01-11 15:01:17;michelle;Michelle Storandt','2024-01-11 15:01:14;michelle;Michelle Storandt','2024-01-11 15:01:09;michelle;Michelle Storandt','2024-01-11 15:01:12;michelle;Michelle Storandt','','','eyJpdiI6IjNyNCtJckRCNUpJZ2Z4aEkwT3dxR2c9PSIsInZhbHVlIjoiR1NFaFI0dm5DeG8vQStkcGFPUStYT2VHSlpLbSsvUS9NemdlbmRvYmNvbz0iLCJtYWMiOiJkNzM0N2UzYTJiOGFlNjEzMWY2NjI0M2Q3MDhkMDlhZGNhYzM0MDUxZWMwNThlMWE0NTY3YjdjZjM0MDI2MDRlIiwidGFnIjoiIn0=','Lohnbüro','2024-03','Musterstr.,Musterort','2024-01-11 15:00:58','michelle;Michelle Storandt','zzWfjzFzw4zG7pb3LRuOyUAgkWzHbS8a',6,'2024-01-11 15:00:58;michelle;Michelle Storandt'),
 (67,23,'Q1','booked;2025-02-04 14:47:58;michelle;Michelle Storandt','2025-02-04 11:12:16;michelle;Michelle Storandt','2025-02-04 11:12:11;michelle;Michelle Storandt','2025-02-04 11:12:14;michelle;Michelle Storandt','2025-02-04 14:47:53;michelle;Michelle Storandt','','eyJpdiI6Imx2TXB5ckVqRE9ndDVtOGpMb2NKWlE9PSIsInZhbHVlIjoiZEVzUlZEUDJKem9BamtIQ2k4a3Y2L0thOS9ibnR6M0FhWFMvZk1JcEJGWT0iLCJtYWMiOiI2NDUzNTEzNzA3MTgxZTkxMjRhNjBiOTYzMjUyODY5NjAyYTU1ZjZiNmQxNGJiMGMzN2U5MGRiZTk5ZDk2NGYwIiwidGFnIjoiIn0=','ING DiBa','','Musterstraße 42,12345 Musterstadt','2025-02-04 11:11:43','michelle;Michelle Storandt','KxOWZb0DZwJJ1PNxLhtrCu7rPKzPv1GD',8,'2025-02-04 11:11:43;michelle;Michelle Storandt'),
 (68,23,'Q2','booked;2025-02-04 14:47:58;michelle;Michelle Storandt','2025-02-04 11:13:33;michelle;Michelle Storandt','2025-02-04 11:13:27;michelle;Michelle Storandt','2025-02-04 11:13:30;michelle;Michelle Storandt','2025-02-04 14:46:15;michelle;Michelle Storandt','','eyJpdiI6Inp5Y3Fnd3pEVFIrRDRxc1FxUjF0OFE9PSIsInZhbHVlIjoiSWVxaXBHdjZ6bDF1M0hZbXBVMzBvRlllUGdTSzhHandyNmQxTVJoMDFRST0iLCJtYWMiOiJlYzNhMmI3ZmQ1MDg2MWE0YzE0ZmE5M2Y2YmQwNTUxNzdkNzI3NTk3NDcxOGQ0ODZhOTg5MTU1MjExOWQ2NzM5IiwidGFnIjoiIn0=','ING Diba','','Musterstraße 42,12345 Musterstadt','2025-02-04 11:13:16','michelle;Michelle Storandt','VF70rUNWfbUGPUT7IsxaodJfFZRJOjlm',8,'2025-02-04 11:13:16;michelle;Michelle Storandt'),
 (69,23,'Q3','booked;2025-02-04 15:39:54;michelle;Michelle Storandt','2025-02-04 11:14:59;michelle;Michelle Storandt','2025-02-04 11:14:53;michelle;Michelle Storandt','2025-02-04 11:14:56;michelle;Michelle Storandt','2025-02-04 15:06:34;michelle;Michelle Storandt','','eyJpdiI6IlZXZmJqcFJybE1sWE1SWGpaa1dHRVE9PSIsInZhbHVlIjoiN3l0YkE5d003VHVDQmFBcE1KellEZ3hIOWpnM0tMNmdZWG9vaks2NW1rbz0iLCJtYWMiOiJkZTcyZmIzMThjMjk4MDFhNDU3YjI0NWY4NWNmOGFlMzBlODUzNDY5MzZhZDk1NGUyMmE5ZDMyZDBlZmJlODUxIiwidGFnIjoiIn0=','ING-DiBa','','Musterstraße 42,12345 Musterstadt','2025-02-04 11:14:42','michelle;Michelle Storandt','NO1ftJ5mWBpxCOaddk3C3z1JLym98eJn',8,'2025-02-04 11:14:42;michelle;Michelle Storandt'),
 (70,23,'Q4','ok;2025-02-04 11:16:01;michelle;Michelle Storandt','2025-02-04 11:16:01;michelle;Michelle Storandt','2025-02-04 11:15:56;michelle;Michelle Storandt','2025-02-04 11:15:58;michelle;Michelle Storandt','','','eyJpdiI6IkJNc2xST1FJb1VTTDZVM3JNQVJrdkE9PSIsInZhbHVlIjoiNVNVTkNKd2hJUXdvL2lpSDJ6K0xYc1ozRGM3dldLT1RyNFkzSWtyeWdsST0iLCJtYWMiOiI1ZWJhMGY3MDhlZGM4NTZiOWM0ODAyZTU3YmJlY2I4YTdmNmY0NGQ0MDY4ODE2ODZiMzlkOGRmNTQ5NmI2NTFmIiwidGFnIjoiIn0=','ING-DiBa','','Musterstraße 42,12345 Musterstadt','2025-02-04 11:15:46','michelle;Michelle Storandt','0kMar5dVsmTcwzXZ4c2XxFvnljFmukos',5,'2025-02-04 11:15:46;michelle;Michelle Storandt'),
 (71,26,'April','booked;2025-02-04 14:47:58;michelle;Michelle Storandt','2025-02-04 13:23:47;michelle;Michelle Storandt','2025-02-04 13:23:41;michelle;Michelle Storandt','2025-02-04 13:23:44;michelle;Michelle Storandt','2025-02-04 14:43:05;michelle;Michelle Storandt','','eyJpdiI6IlM0dlFJdFdHMFRCRUkzakxnZXBVWlE9PSIsInZhbHVlIjoib0FoeFF3dGF6QktST3RpZi9OWEtnbDEzbHJGVDRpTm5uaVlkc3R6TitsQT0iLCJtYWMiOiI3MDZhMGE5Yzg5NDczOGJiMTNjZWI1Y2QwODkwMGJhZDE0ZTExMmU1ZDUzYjgxZjllYjE1OTE5MTQ0NmJiNzUyIiwidGFnIjoiIn0=','Hostsharing','','Musterstraße 42,12345 Musterstadt','2025-02-04 13:23:22','michelle;Michelle Storandt','QsMAy0yY6puiIsmQjSgbIhpVFluq2N0Z',8,'2025-02-04 13:23:22;michelle;Michelle Storandt'),
 (72,26,'Mai','booked;2025-02-04 14:47:58;michelle;Michelle Storandt','2025-02-04 13:24:44;michelle;Michelle Storandt','2025-02-04 13:24:38;michelle;Michelle Storandt','2025-02-04 13:24:41;michelle;Michelle Storandt','2025-02-04 14:42:56;michelle;Michelle Storandt','','eyJpdiI6IkMwOEdqTkNqQlhPa2kyMGhCN3R5dGc9PSIsInZhbHVlIjoia0FMSU12cjc1OGxrNlpiKzUxUXRNVVZTTmJkRnB1WWJLZEJNWlBkbXA5az0iLCJtYWMiOiJkNmI0MmM5NDM4NTZiZWJjNmRkODc0YzJiYTAzNGFlMzA5Zjk0YTE3NmM0Zjc0ZTc0OWJiM2U5MWI3NTA0ZjBkIiwidGFnIjoiIn0=','Hostsharing','','Musterstraße 42,12345 Musterstadt','2025-02-04 13:24:29','michelle;Michelle Storandt','0roqdBdg7IJqgvyujNQOgm6VwQgDclkj',8,'2025-02-04 13:24:29;michelle;Michelle Storandt'),
 (73,26,'Juni','booked;2025-02-04 14:47:58;michelle;Michelle Storandt','2025-02-04 13:26:37;michelle;Michelle Storandt','2025-02-04 13:26:30;michelle;Michelle Storandt','2025-02-04 13:26:34;michelle;Michelle Storandt','2025-02-04 14:44:56;michelle;Michelle Storandt','','eyJpdiI6ImtUbG5SSmRod3hhZEtSRnp2Y0ZZSlE9PSIsInZhbHVlIjoibXM3L2VSWmJWVHl4RDR0Y3JuVGRaZjc2MWtMeHBtR0o5ZjQwUEZ6YWZSQT0iLCJtYWMiOiI3MzI5ZWJlZmVmNWJlYmQ5NTU4YTYzNjYyNzkxNGU2ZDI5ODAxZjNmMjNhMmJhMjIwODcxNTFhNTlkNmRlMDYyIiwidGFnIjoiIn0=','Hostsharing','','Musterstraße 42,12345 Musterstadt','2025-02-04 13:25:59','michelle;Michelle Storandt','ktKRzL8FhP85YrrFS67yLnXYXmUZiqt4',8,'2025-02-04 13:25:59;michelle;Michelle Storandt');
INSERT INTO `demo__auslagen` (`id`,`projekt_id`,`name_suffix`,`state`,`ok-belege`,`ok-hv`,`ok-kv`,`payed`,`rejected`,`zahlung-iban`,`zahlung-name`,`zahlung-vwzk`,`address`,`last_change`,`last_change_by`,`etag`,`version`,`created`) VALUES
 (74,26,'Juli','booked;2025-02-04 14:54:42;michelle;Michelle Storandt','2025-02-04 13:28:26;michelle;Michelle Storandt','2025-02-04 13:27:51;michelle;Michelle Storandt','2025-02-04 13:28:22;michelle;Michelle Storandt','2025-02-04 14:49:59;michelle;Michelle Storandt','','eyJpdiI6IjBDVDN3YVd1NjVlc0dOWHVIZHllZkE9PSIsInZhbHVlIjoicHEyTXB6ZzV6bjVNOCs4YUI5RHdRbnRrTTZmdjZhWi95b0pKN2tmRUhwST0iLCJtYWMiOiI3YTk2NzM4ZWU1MmUwZGZhODJiM2M3YjMwNjY2ZmRjN2I2ZWVlYjZjNWZjN2EzMzQyM2E3NGEwZTZiZmM1Y2VkIiwidGFnIjoiIn0=','Hostsharing','','Musterstraße 42,12345 Musterstadt','2025-02-04 13:27:42','michelle;Michelle Storandt','fazVOpEWVzBmWNKS5Te2WxxnO5OokyWK',8,'2025-02-04 13:27:42;michelle;Michelle Storandt'),
 (75,26,'August','booked;2025-02-04 14:54:42;michelle;Michelle Storandt','2025-02-04 13:29:58;michelle;Michelle Storandt','2025-02-04 13:29:52;michelle;Michelle Storandt','2025-02-04 13:29:55;michelle;Michelle Storandt','2025-02-04 14:54:12;michelle;Michelle Storandt','','eyJpdiI6IlZiK2kxd0ZVMVFpZy94YmlBMXpXaVE9PSIsInZhbHVlIjoiRlg3RkFYZ09weDJTWEpuZlBEYVR0cnFDV3cxUHNZeHA2ditTZ0xyZkxvOD0iLCJtYWMiOiIzOWVmZWE1MzE2ZmJiNTNkNzgzNzE2YTExYmE0NTU3NDk1MjRiN2NmZjE2ZDJhM2ExYjBhZjU4MmVmZWNhZDgyIiwidGFnIjoiIn0=','Hostsharing','','Musterstraße 42,12345 Musterstadt','2025-02-04 13:29:41','michelle;Michelle Storandt','GuJU5B0sbuE5zuhRuewdQEKuGukZCbSv',8,'2025-02-04 13:29:41;michelle;Michelle Storandt'),
 (76,26,'September','booked;2025-02-04 15:39:54;michelle;Michelle Storandt','2025-02-04 13:31:07;michelle;Michelle Storandt','2025-02-04 13:30:59;michelle;Michelle Storandt','2025-02-04 13:31:02;michelle;Michelle Storandt','2025-02-04 15:01:28;michelle;Michelle Storandt','','eyJpdiI6InBZTDJEZlkyc2JMWlRaL21iMTFmTGc9PSIsInZhbHVlIjoiQ1J0L3lVMDg1R0Jxd0huaSs2cFBDYlBYVjZ1cHY4MEF1UlFZQkplUXJ2OD0iLCJtYWMiOiI0YjllZmVhOWViYmJiYmY2MjA0YWUyMjA4NjU0MTFmM2MyOTU1NTA5MThhYWE0OGU2MzcxNTkyMDk0ZjhkMTY0IiwidGFnIjoiIn0=','Hostsharing','','Musterstraße 42,12345 Musterstadt','2025-02-04 13:30:50','michelle;Michelle Storandt','26H2TyveFBtbkL7tFrHj98gxmaX4qv5f',8,'2025-02-04 13:30:50;michelle;Michelle Storandt'),
 (77,26,'Oktober','instructed;2025-02-04 15:11:05;michelle;Michelle Storandt','2025-02-04 13:32:33;michelle;Michelle Storandt','2025-02-04 13:32:26;michelle;Michelle Storandt','2025-02-04 13:32:29;michelle;Michelle Storandt','2025-02-04 15:11:08;michelle;Michelle Storandt','','eyJpdiI6IlYzb3kxZitUbTVnR0M5bndCbW5IRGc9PSIsInZhbHVlIjoiUi9WUDNmd1NyV2Rrc3Jwc1J4Y3h4am5QZGdtMGgxcnBobTJqYUErZ2lPTT0iLCJtYWMiOiJlZmNmZGE5ZGFkOWE4NTZiOTc4ZWUzNDdjNzdiN2FkOGU4MDlhYzAwMWIwMDgzOWUxN2Y1NTI4OWYzMTIzMjdhIiwidGFnIjoiIn0=','Hostsharing','','Musterstraße 42,12345 Musterstadt','2025-02-04 13:32:16','michelle;Michelle Storandt','vSSKRBhz2EmuNKAAAR9MVszX4nMqeVK9',7,'2025-02-04 13:32:16;michelle;Michelle Storandt'),
 (78,26,'November','instructed;2025-02-04 15:14:43;michelle;Michelle Storandt','2025-02-04 13:33:39;michelle;Michelle Storandt','2025-02-04 13:33:33;michelle;Michelle Storandt','2025-02-04 13:33:36;michelle;Michelle Storandt','2025-02-04 15:14:46;michelle;Michelle Storandt','','eyJpdiI6Imt3Z0IzWXJtYmhlYnErOE5NS3RWZ2c9PSIsInZhbHVlIjoiaDB1cDFtSytiMklaQ0hOOEVGSEpuZ2dMQTNWSGFSMkY5cUpBOWpFNFAwST0iLCJtYWMiOiJjM2M4Y2IzZjhjNjY1ZTM5ZmYzZjViNGZjMjI4ZmZkYjYzY2FiMjdjMzQ0Y2M0MmVhMzI0ODkwOTJiZWYzNGI3IiwidGFnIjoiIn0=','Hostsharing','','Musterstraße 42,12345 Musterstadt','2025-02-04 13:33:21','michelle;Michelle Storandt','DulEfhq9aRKCVjmmUhCFQ0ChgLhPptsE',7,'2025-02-04 13:33:21;michelle;Michelle Storandt'),
 (79,26,'Dezember','ok;2025-02-04 13:34:38;michelle;Michelle Storandt','2025-02-04 13:34:38;michelle;Michelle Storandt','2025-02-04 13:34:33;michelle;Michelle Storandt','2025-02-04 13:34:35;michelle;Michelle Storandt','','','eyJpdiI6ImhsdzRWR1V3bFpYNlB0czZJNmNFa3c9PSIsInZhbHVlIjoiQklmWU1Hc295MUFUZ283VmhGOExXczBWZ25EUFZQY0xHQVBWbjFidDdsOD0iLCJtYWMiOiJlZmIyNTdiYjM3MzRhNTlmN2JhZmZmMWFkOTE4NjUwNDY1NDIwOTM2ZWUxYWU2OWM4ZDU2MjY0NGEyZTBlM2ViIiwidGFnIjoiIn0=','Hostsharing','','Musterstraße 42,12345 Musterstadt','2025-02-04 13:34:23','michelle;Michelle Storandt','ukILb3Dzifsw6J3MEpGm4HTzEJkzKKgI',5,'2025-02-04 13:34:23;michelle;Michelle Storandt'),
 (80,28,'Einkauf','booked;2025-02-04 14:54:42;michelle;Michelle Storandt','2025-02-04 13:39:12;michelle;Michelle Storandt','2025-02-04 13:39:06;michelle;Michelle Storandt','2025-02-04 13:39:09;michelle;Michelle Storandt','2025-02-04 14:52:40;michelle;Michelle Storandt','','eyJpdiI6IjFrTHMyU1BYd0k2SGtDWlJESCs5MFE9PSIsInZhbHVlIjoiUVFvTzEyT0c5WGp4dVZPWisxUVFrRVlpREEwMmhRMCthdm02b0pwWldLVT0iLCJtYWMiOiI5N2ZiNGJmMTYwNGQ4ZDcwMWZlZWI2YmFlZjg1ZjJhYzMwYjBmZWY5NjNjMDY4NDUyMDVlYjc1YTczYmFiM2U1IiwidGFnIjoiIn0=','Bürobedarf Onlineshop','','Musterstraße 42,12345 Musterstadt','2025-02-04 13:38:56','michelle;Michelle Storandt','EoNFbbsghblfM7Zv7p0WOQYBdiXHGBWH',8,'2025-02-04 13:38:56;michelle;Michelle Storandt'),
 (81,27,'Bus','instructed;2025-02-04 14:39:16;michelle;Michelle Storandt','2025-02-04 13:42:52;michelle;Michelle Storandt','2025-02-04 13:42:46;michelle;Michelle Storandt','2025-02-04 13:42:49;michelle;Michelle Storandt','','','eyJpdiI6IlBRNVRRK1hjRGZzWUl5M3Z6SGpXcFE9PSIsInZhbHVlIjoiRlZLTUNJQWRaNXc2bEZiTGJZVWRQTHZRYVY2SkUvZHJUM2kraWNHVW51TT0iLCJtYWMiOiIzYmM0ZTc1NTU3N2RjZWJhNmIwOTc3MzFlMTY3NGYyMGUyODFlZWUyY2Q5NjEzNzRkOTRjNGExMzA2ZGRlNWIyIiwidGFnIjoiIn0=','Busunternehmen','','Musterstraße 42,12345 Musterstadt','2025-02-04 13:42:36','michelle;Michelle Storandt','H1R9QM6uxe2VGSBwXAQabzkBc2zdEa9w',6,'2025-02-04 13:42:36;michelle;Michelle Storandt'),
 (82,27,'Theater','instructed;2025-02-04 14:39:40;michelle;Michelle Storandt','2025-02-04 13:46:25;michelle;Michelle Storandt','2025-02-04 13:46:17;michelle;Michelle Storandt','2025-02-04 13:46:22;michelle;Michelle Storandt','','','eyJpdiI6InlhY2pBK2o5UVZVZThFRXBZdkRDTmc9PSIsInZhbHVlIjoiSEFWV2lnN2FjNFNhcnorMGZLcDBSVDJGamVXbGc0cVRWSjJuanFZVVBIWT0iLCJtYWMiOiI1ZThiNzg3MDcxYjY5YmNiZGRhOTM4Njk3MWIyNTllYzUxZjY4ZWU2NTg3ZDlhYThmOThjODNkZDg0NWViNDBmIiwidGFnIjoiIn0=','Theater Meiningen','','Musterstraße 42,12345 Musterstadt','2025-02-04 13:46:14','michelle;Michelle Storandt','OGFtKIrzam2FBZdT3d02beQedKwTMf6y',9,'2025-02-04 13:45:14;michelle;Michelle Storandt'),
 (83,27,'Eigenanteile','instructed;2025-02-04 14:38:51;michelle;Michelle Storandt','2025-02-04 14:26:49;michelle;Michelle Storandt','2025-02-04 14:26:44;michelle;Michelle Storandt','2025-02-04 14:26:47;michelle;Michelle Storandt','2025-02-04 14:38:54;michelle;Michelle Storandt','','eyJpdiI6IkV0QnhwMHhQd3hFbVgraXNHRzdIVUE9PSIsInZhbHVlIjoiZC9XSUlNZ0NPWC9LT2R1emM0dVgvNTFDcmszWTZZd2x4dTZqV2tJRFU3Zz0iLCJtYWMiOiI3OTllNWFmY2E4ZWJiMzk4MzIxZWRkOTdmMDBhNmVhMmQ5NjI4MDg5Yzg4NWU5NzE2MzY1MDZjZmQ3N2E4MmY2IiwidGFnIjoiIn0=','StuRa','','Musterstraße 42,12345 Musterstadt','2025-02-04 14:26:34','michelle;Michelle Storandt','Nybe6pEJw2JCxdTuU5Ywm9NXNSxIguDW',7,'2025-02-04 14:26:34;michelle;Michelle Storandt'),
 (84,25,'Zuweisung','booked;2025-02-04 14:47:58;michelle;Michelle Storandt','2025-02-04 14:38:23;michelle;Michelle Storandt','2025-02-04 14:38:17;michelle;Michelle Storandt','2025-02-04 14:38:20;michelle;Michelle Storandt','2025-02-04 14:39:24;michelle;Michelle Storandt','','eyJpdiI6IlhRWGVLR2dQRkJBT1JEUVozdjl2Y0E9PSIsInZhbHVlIjoiSHpzdGZxemdodGV1VCs2UUdJaDhWZGx0eElENUkxMXc0cjJMdm5pSkNLWT0iLCJtYWMiOiI2NTk0NzcwZjU0ZGJlMjFlZGRjZTcwOTBhMzQwOWYxZWQ4ZTgyZmY0MGMzMWIzZWYzZDVhZTM4NGE0ZWY0YjY5IiwidGFnIjoiIn0=','FSRs','','Musterstraße 42,12345 Musterstadt','2025-02-04 14:38:08','michelle;Michelle Storandt','FfZXN8rpAFxVTSBdBzCgtQGhIIyqZb4h',8,'2025-02-04 14:38:08;michelle;Michelle Storandt'),
 (85,24,'Semesterbeiträge Sommersemester','booked;2025-02-04 15:39:54;michelle;Michelle Storandt','2025-02-04 15:29:56;michelle;Michelle Storandt','2025-02-04 15:29:50;michelle;Michelle Storandt','2025-02-04 15:29:53;michelle;Michelle Storandt','2025-02-04 15:38:56;michelle;Michelle Storandt','','eyJpdiI6InBscm1JaHc5b3MrRWVOVUpVSHdrbGc9PSIsInZhbHVlIjoiVnFLWHZ0TCtEUEdmZzNmVHZ1ZjhyZHlZdEtqSURFczdOZVZhanFDTkRSaz0iLCJtYWMiOiJmODgyMzQyMDdkZjgxYzY4MWRhZTQ0ZTFlZDQzZjk3OWU1MWI4ZTAzYjY5NTE5MWI3MjE2MTM2ZGRmYmFjMmY3IiwidGFnIjoiIn0=','StuRa','','Musterstraße 42,12345 Musterstadt','2025-02-04 15:29:41','michelle;Michelle Storandt','fFgSGAw53y7XLcJWiT0SkhAVWVMmAG6J',8,'2025-02-04 15:29:41;michelle;Michelle Storandt'),
 (86,24,'Rückerstattung','wip;2025-02-04 15:43:42;michelle;Michelle Storandt','','','','','','eyJpdiI6IktNRDcxTVA4dVFPWURuQ2MxK25PZEE9PSIsInZhbHVlIjoieXo5MnYxejZXRWU0NmY1SGUwSVhFZTZNYlpIS2M3T1owa2VPM1NJVlc5cz0iLCJtYWMiOiJhZDI1ODIzODA4NjNhODg5ZjY2NzA2ZjlkYzNhOTM3YzE3ZjZmOWNkZTRhNTM1ZmQ5NGIyNmM2YTdkYjJmOGQ5IiwidGFnIjoiIn0=','M. A.','','Musterstraße 42,12345 Musterstadt','2025-02-04 15:43:13','michelle;Michelle Storandt','nXWpBbJMSqssaTIMsrBxhso2TqOxkhEa',2,'2025-02-04 15:43:13;michelle;Michelle Storandt');

--
-- Daten für Tabelle `demo__belege`
--

INSERT INTO `demo__belege` (`id`,`auslagen_id`,`short`,`created_on`,`datum`,`beschreibung`,`file_id`) VALUES
 (1,1,'11','2023-05-12 09:55:24','2023-05-12 00:00:00','',1),
 (2,2,'11','2023-08-11 18:19:17','2023-04-04 00:00:00','',2),
 (3,3,'11','2023-08-11 18:22:52','2023-05-03 00:00:00','',3),
 (4,4,'11','2023-08-11 18:25:03','2023-06-02 00:00:00','',4),
 (5,5,'11','2023-08-11 18:48:36','2023-07-04 00:00:00','',5),
 (6,6,'11','2023-08-11 18:51:20','2023-08-02 00:00:00','',6),
 (7,7,'11','2023-08-11 19:20:41','2023-04-01 00:00:00','',7),
 (8,8,'11','2023-08-11 19:26:49','2023-05-01 00:00:00','',8),
 (9,9,'11','2023-08-11 19:30:52','2023-06-01 00:00:00','',9),
 (10,10,'11','2023-08-11 19:33:03','2023-07-01 00:00:00','',10),
 (11,11,'11','2023-08-11 19:36:07','2023-08-01 00:00:00','',11),
 (12,12,'11','2023-08-11 19:49:56','2023-07-23 00:00:00','',12),
 (13,13,'11','2023-08-11 19:53:23','2023-08-05 00:00:00','',13),
 (14,14,'11','2023-08-11 20:05:32','2023-08-11 00:00:00','250km * 0,15 EUR/km *2 = 75 EUR',14),
 (15,14,'12','2023-08-11 20:05:32','2023-08-14 00:00:00','hab mir keinen Beleg geben lassen',NULL),
 (16,15,'11','2023-08-11 20:16:46','2023-06-24 00:00:00','',15),
 (17,16,'11','2023-08-11 20:19:20','2023-07-04 00:00:00','',16),
 (18,17,'11','2023-08-11 20:31:38','2023-05-10 00:00:00','',17),
 (19,18,'11','2023-08-11 20:32:47','2023-06-10 00:00:00','',18),
 (20,19,'11','2023-08-11 20:33:47','2023-07-11 00:00:00','',19),
 (21,20,'11','2023-08-11 20:34:47','2023-08-10 00:00:00','',20),
 (22,21,'11','2023-08-11 20:35:49','2023-09-12 00:00:00','',21),
 (23,22,'51','2023-08-11 20:37:27','2023-10-10 00:00:00','',22),
 (24,23,'11','2023-08-11 20:46:41','2023-04-01 00:00:00','',23),
 (25,24,'11','2023-08-11 20:48:46','2023-07-01 00:00:00','',24),
 (26,25,'11','2023-08-11 20:53:53','2023-06-14 00:00:00','',25),
 (27,26,'11','2023-08-11 20:55:27','2023-06-14 00:00:00','',NULL),
 (28,27,'11','2023-08-11 20:59:54','2023-06-15 00:00:00','',26),
 (29,28,'11','2023-08-11 21:00:53','2023-06-17 00:00:00','',27),
 (30,30,'11','2024-10-01 14:09:21','2024-06-22 00:00:00','',28),
 (31,31,'11','2024-10-16 13:25:44','2023-09-28 00:00:00','Kaution und Miete',29),
 (32,32,'11','2024-10-16 14:09:02','2023-10-12 00:00:00','',30),
 (33,33,'11','2024-10-16 14:20:29','2023-09-01 00:00:00','',31),
 (34,34,'11','2024-10-16 14:21:50','2023-09-01 00:00:00','',32),
 (35,35,'11','2024-01-11 10:36:10','2023-09-14 00:00:00','',33),
 (36,36,'11','2024-01-11 10:46:32','2023-09-30 00:00:00','Dies ist eine gescannte Quittung',34),
 (37,29,'21','2024-01-11 10:49:09','2023-10-06 00:00:00','',35),
 (38,37,'11','2024-01-11 10:57:03','2023-09-30 00:00:00','',36),
 (39,38,'11','2024-01-11 10:59:07','2023-10-01 00:00:00','',37),
 (40,39,'11','2024-01-11 11:00:39','2023-11-01 00:00:00','',38),
 (41,40,'11','2024-01-11 11:01:46','2023-12-01 00:00:00','',39),
 (42,41,'11','2024-01-11 11:04:54','2024-01-01 00:00:00','',40),
 (43,42,'11','2024-01-11 11:07:14','2023-10-01 00:00:00','',41),
 (44,43,'11','2024-01-11 11:08:20','2023-11-01 00:00:00','',42),
 (45,44,'11','2024-01-11 11:09:28','2023-12-01 00:00:00','',43),
 (46,45,'11','2024-01-11 11:10:33','2024-01-01 00:00:00','',44),
 (47,46,'11','2024-01-11 11:11:38','2024-02-01 00:00:00','',45),
 (48,47,'11','2024-01-11 11:13:19','2024-03-01 00:00:00','',46),
 (49,48,'11','2024-01-11 11:15:57','2024-01-01 00:00:00','',47),
 (50,49,'11','2024-01-11 11:22:22','2023-10-10 00:00:00','Getränke und Eintritt',48),
 (51,50,'11','2024-01-11 11:24:17','2023-10-11 00:00:00','',49),
 (52,51,'11','2024-01-11 13:04:44','2023-10-10 00:00:00','',50),
 (53,52,'11','2024-01-11 13:12:47','2023-09-03 00:00:00','Antrag 1,Studi XY',51),
 (54,52,'12','2024-01-11 13:12:47','2023-09-15 00:00:00','Antrag 2,Studi XYZ',52),
 (55,52,'13','2024-01-11 13:12:47','2023-09-14 00:00:00','Antrag 3,Studi AB',53),
 (56,52,'14','2024-01-11 13:12:47','2023-09-30 00:00:00','Antrag 4,Studi ABC',54),
 (57,52,'15','2024-01-11 13:12:47','2023-09-30 00:00:00','Antrag 5,Studi CD',55),
 (58,53,'11','2024-01-11 13:16:31','2023-10-10 00:00:00','',56),
 (59,54,'11','2024-01-11 13:20:37','2023-10-13 00:00:00','',57),
 (60,55,'11','2024-01-11 13:23:19','2023-10-15 00:00:00','',58),
 (61,56,'11','2024-01-11 13:36:20','2023-11-14 00:00:00','',59),
 (62,57,'11','2024-01-11 13:39:48','2023-11-15 00:00:00','',60),
 (63,58,'11','2024-01-11 13:44:51','2023-11-18 00:00:00','',61),
 (64,59,'11','2024-01-11 13:56:57','2023-12-19 00:00:00','',62),
 (65,60,'11','2024-01-11 14:04:30','2023-12-21 00:00:00','',63),
 (66,61,'11','2024-01-11 14:07:29','2023-12-13 00:00:00','',64),
 (67,61,'12','2024-01-11 14:07:29','2023-12-14 00:00:00','',65),
 (68,62,'11','2024-01-11 14:17:07','2024-01-04 00:00:00','',66),
 (69,63,'11','2024-01-11 14:25:21','2024-01-22 00:00:00','',67),
 (70,64,'11','2024-01-11 14:42:13','2024-01-25 00:00:00','',68),
 (71,64,'12','2024-01-11 14:42:13','2024-01-25 00:00:00','',69),
 (72,65,'11','2024-01-11 14:56:26','2023-02-22 00:00:00','',70),
 (73,66,'11','2024-01-11 15:00:58','2024-03-22 00:00:00','',71),
 (74,67,'11','2025-02-04 11:11:43','2024-04-01 00:00:00','',72),
 (75,68,'11','2025-02-04 11:13:16','2024-07-01 00:00:00','',73),
 (76,69,'11','2025-02-04 11:14:42','2024-10-01 00:00:00','',74),
 (77,70,'11','2025-02-04 11:15:46','2025-01-01 00:00:00','',75),
 (78,71,'11','2025-02-04 13:23:22','2024-04-15 00:00:00','',76),
 (79,72,'11','2025-02-04 13:24:29','2024-05-15 00:00:00','',77),
 (80,73,'11','2025-02-04 13:25:59','2024-06-17 00:00:00','',78),
 (81,74,'11','2025-02-04 13:27:42','2024-07-15 00:00:00','',79),
 (82,75,'11','2025-02-04 13:29:41','2024-08-15 00:00:00','',80),
 (83,76,'11','2025-02-04 13:30:50','2024-09-16 00:00:00','',81),
 (84,77,'11','2025-02-04 13:32:16','2024-10-15 00:00:00','',82),
 (85,78,'11','2025-02-04 13:33:21','2024-11-15 00:00:00','',83),
 (86,79,'11','2025-02-04 13:34:23','2024-12-16 00:00:00','',84),
 (87,80,'11','2025-02-04 13:38:56','2024-08-22 00:00:00','',85),
 (88,81,'11','2025-02-04 13:42:36','2025-02-03 00:00:00','',86),
 (89,82,'11','2025-02-04 13:45:14','2025-01-08 00:00:00','',87),
 (90,82,'51','2025-02-04 13:46:14','2025-01-08 00:00:00','Ergänzende Auflistung',88),
 (91,83,'11','2025-02-04 14:26:34','2025-01-31 00:00:00','',89),
 (92,84,'11','2025-02-04 14:38:08','2024-04-01 00:00:00','',90),
 (93,85,'11','2025-02-04 15:29:41','2024-04-10 00:00:00','',91),
 (94,86,'11','2025-02-04 15:43:13','2025-01-29 00:00:00','',92);

--
-- Daten für Tabelle `demo__beleg_posten`
--

INSERT INTO `demo__beleg_posten` (`id`,`beleg_id`,`short`,`projekt_posten_id`,`ausgaben`,`einnahmen`) VALUES
(1,1,11,1,0.00,42096.52),
(2,2,11,1,90.10,0.00),
(3,3,11,1,90.00,0.00),
(4,4,11,1,96.32,0.00),
(5,5,11,1,115.00,0.00),
(6,6,11,1,95.00,0.00),
(7,7,11,2,9.85,0.00),
(8,8,11,2,9.85,0.00),
(9,9,11,2,9.73,0.00),
(10,10,11,2,9.73,0.00),
(11,11,11,2,9.73,0.00),
(12,12,11,1,64.30,0.00),
(13,13,11,2,83.00,0.00),
(14,14,11,1,75.00,0.00),
(15,15,12,3,65.00,0.00),
(16,16,11,1,580.00,0.00),
(17,17,11,2,0.00,50.00),
(18,18,11,1,1000.00,0.00),
(19,19,11,2,0.00,200.00),
(20,20,11,2,0.00,200.00),
(21,21,11,2,0.00,200.00),
(22,22,11,2,0.00,200.00),
(23,23,51,2,0.00,200.00),
(24,24,11,1,48.36,0.00),
(25,25,11,1,62.50,0.00),
(26,26,11,1,300.00,0.00),
(27,27,11,2,0.00,300.00),
(28,28,11,3,250.00,0.00),
(29,29,11,4,0.00,250.00),
(30,30,11,1,0.00,3501.74),
(31,31,11,1,800.00,0.00),
(32,32,11,4,957.21,0.00),
(33,33,11,2,9.73,0.00),
(34,34,11,1,95.00,0.00),
(35,35,11,2,750.00,0.00),
(36,36,11,3,250.00,0.00),
(37,37,21,1,12.00,0.00),
(38,37,31,2,5.00,0.00),
(39,38,11,1,62.50,0.00),
(40,39,11,2,9.73,0.00),
(41,40,11,2,9.73,0.00),
(42,41,11,2,9.73,0.00),
(43,42,11,2,9.73,0.00),
(44,43,11,1,95.00,0.00),
(45,44,11,1,95.00,0.00),
(46,45,11,1,95.00,0.00),
(47,46,11,1,95.00,0.00),
(48,47,11,1,95.00,0.00),
(49,48,11,1,95.00,0.00),
(50,49,11,1,48.36,0.00),
(51,49,12,2,0.00,0.12),
(52,50,11,5,0.00,1200.00),
(53,51,11,1,0.00,29580.30),
(54,52,11,2,1800.00,0.00),
(55,53,11,2,10.00,0.00),
(56,54,12,2,10.00,0.00),
(57,55,13,2,10.00,0.00),
(58,56,14,2,10.00,0.00),
(59,57,15,2,10.00,0.00),
(60,58,11,1,600.00,0.00),
(61,59,11,3,150.00,0.00),
(62,60,11,4,0.00,1500.00),
(63,61,11,1,1950.00,0.00),
(64,61,12,2,2450.00,0.00),
(65,62,11,4,850.00,0.00),
(66,63,11,1,0.00,15667.24),
(67,64,11,1,1200.00,0.00),
(68,65,11,4,500.00,0.00),
(69,66,11,2,900.00,0.00),
(70,66,12,3,1200.00,0.00),
(71,67,13,5,250.00,0.00),
(72,68,11,1,15000.00,0.00),
(73,69,11,1,4300.00,0.00),
(74,70,11,1,2435.70,0.00),
(75,71,12,2,0.00,2435.70),
(76,72,11,1,4300.00,0.00),
(77,73,11,1,4300.00,0.00),
(78,74,11,1,50.00,0.00),
(79,75,11,1,52.00,0.00),
(80,76,11,1,53.00,0.00),
(81,77,11,1,50.00,0.00),
(82,78,11,1,80.00,0.00),
(83,79,11,1,80.00,0.00),
(84,80,11,1,80.00,0.00),
(85,81,11,1,80.00,0.00),
(86,82,11,1,80.00,0.00),
(87,83,11,1,80.00,0.00),
(88,84,11,1,80.00,0.00),
(89,85,11,1,80.00,0.00),
(90,86,11,1,80.00,0.00),
(91,87,11,1,80.00,0.00),
(92,87,12,2,20.00,0.00),
(93,87,13,3,50.00,0.00),
(94,88,11,1,600.00,0.00),
(95,89,11,2,350.00,0.00),
(96,91,11,3,0.00,500.00),
(97,92,11,1,10000.00,0.00),
(98,92,12,2,0.00,2000.00),
(99,92,13,3,0.00,2000.00),
(100,92,14,4,0.00,2000.00),
(101,92,15,5,0.00,2000.00),
(102,92,16,6,0.00,2000.00),
(103,93,11,1,0.00,50030.09),
(104,94,11,2,15.00,0.00);

--
-- Daten für Tabelle `demo__booking`
--

INSERT INTO `demo__booking` (`id`,`titel_id`,`kostenstelle`,`zahlung_id`,`zahlung_type`,`beleg_id`,`beleg_type`,`user_id`,`timestamp`,`comment`,`value`,`canceled`) VALUES
(1,13,0,1,1,24,'belegposten',1,'2024-10-01 14:13:51','Kontoführungsgebühren - Kontogebühren Quartal 1',48.36,0),
(2,19,0,2,1,7,'belegposten',1,'2024-10-01 14:13:51','Hosting - Hetzner März',9.85,0),
(3,19,0,3,1,2,'belegposten',1,'2024-10-01 14:13:51','Hosting - Hostsharing März',90.10,0),
(4,19,0,4,1,8,'belegposten',1,'2024-10-01 14:13:51','Hosting - Hetzner April',9.85,0),
(5,30,0,5,1,18,'belegposten',1,'2024-10-01 14:13:51','Darlehen A.S. - Auszahlung Darlehen',1000.00,0),
(6,1,0,6,1,1,'belegposten',1,'2024-10-01 14:13:51','Semesterbeiträge - April 2023',42096.50,0),
(7,19,0,7,1,3,'belegposten',1,'2024-10-01 14:13:51','Hosting - Hostsharing April',90.00,0),
(8,19,0,8,1,9,'belegposten',1,'2024-10-01 14:13:51','Hosting - Hetzner Mai',9.73,0),
(9,11,0,9,1,19,'belegposten',1,'2024-10-01 14:13:51','Darlehen A.S. - Rückzahlung 1. Rate',200.00,0),
(10,16,0,1,2,27,'belegposten',1,'2024-10-01 14:13:51','Umbuchungen Konto-Kasse - Einzahlung von Konto in Bargeldkasse',-300.00,0),
(11,16,0,2,2,28,'belegposten',1,'2024-10-01 14:13:51','Fachschaftsparty - Ausgabe Wechselkasse',250.00,0),
(12,16,0,10,1,26,'belegposten',1,'2024-10-01 14:13:51','Umbuchungen Konto-Kasse - Auszahlung Konto in Bargeldkasse',300.00,0),
(13,19,0,11,1,4,'belegposten',1,'2024-10-01 14:13:51','Hosting - Hostsharing Mai',96.32,0),
(14,1,0,12,1,30,'belegposten',1,'2024-10-01 14:13:51','Semesterbeiträge - Mai 2023',3501.74,0),
(15,21,0,13,1,16,'belegposten',1,'2024-10-01 14:13:51','Exkursion zu Bosch - Busrechnung',580.00,0),
(16,16,0,3,2,29,'belegposten',1,'2024-10-01 14:13:51','Fachschaftsparty - Rückgabe Wechselkasse',-250.00,0),
(17,4,0,4,2,17,'belegposten',1,'2024-10-01 14:13:51','Exkursion zu Bosch - Teilnahmebeiträge Studierende',50.00,0),
(18,13,0,14,1,25,'belegposten',1,'2024-10-01 14:13:51','Kontoführungsgebühren - Kontogebühren Quartal 2',62.50,0),
(19,19,0,15,1,10,'belegposten',1,'2024-10-01 14:13:51','Hosting - Hetzner Juni',9.73,0),
(20,11,0,16,1,20,'belegposten',1,'2024-10-01 14:13:51','Darlehen A.S. - Rückzahlung 2. Rate',200.00,0),
(21,19,0,17,1,5,'belegposten',1,'2024-01-11 10:26:34','Hosting - Hostsharing Juni',115.00,0),
(22,32,0,5,2,12,'belegposten',1,'2024-01-11 10:26:44','Hackathon Dresden - Zugtickets Lukas',64.30,0),
(23,19,0,20,1,6,'belegposten',1,'2024-01-11 10:26:44','Hosting - Hostsharing Juli',95.00,0),
(24,19,0,18,1,11,'belegposten',1,'2024-01-11 10:26:44','Hosting - Hetzner Juli',9.73,0),
(25,11,0,19,1,21,'belegposten',1,'2024-01-11 10:26:44','Darlehen A.S. - Rückzahlung 3. Rate',200.00,0),
(26,31,0,24,1,31,'belegposten',1,'2024-01-11 10:26:44','Erstiwoche 2023 - Miete und Kaution Transporter',800.00,0),
(27,31,0,25,1,32,'belegposten',1,'2024-01-11 10:26:44','Erstiwoche 2023 - Merchandise',957.21,0),
(28,19,0,22,1,34,'belegposten',1,'2024-01-11 10:27:13','Hosting - Hostsharing August',95.00,0),
(29,19,0,21,1,33,'belegposten',1,'2024-01-11 10:27:13','Hosting - Hetzner August',9.73,0),
(30,11,0,23,1,22,'belegposten',1,'2024-01-11 10:27:13','Darlehen A.S. - Rückzahlung 4. Rate',200.00,0),
(31,31,0,26,1,35,'belegposten',1,'2024-01-11 10:47:10','Erstiwoche 2023 - Spiele EGN',750.00,0),
(32,31,0,6,2,36,'belegposten',1,'2024-01-11 10:47:10','Erstiwoche 2023 - Getränkeeinkauf',250.00,0),
(33,13,0,27,1,39,'belegposten',1,'2024-01-11 11:27:03','Kontoführungsgebühren - Kontogebühren Quartal 3',62.50,0),
(34,28,0,29,1,38,'belegposten',1,'2024-01-11 11:27:03','Domain - FSR Domains',5.00,0),
(35,26,0,29,1,37,'belegposten',1,'2024-01-11 11:27:03','Domain - FSR Domains',12.00,0),
(36,19,0,28,1,40,'belegposten',1,'2024-01-11 11:27:03','Hosting - Hetzner September',9.73,0),
(37,11,0,30,1,23,'belegposten',1,'2024-01-11 11:27:03','Darlehen A.S. - Rückzahlung 5. Rate',200.00,0),
(38,1,0,31,1,53,'belegposten',1,'2024-01-11 11:27:03','Semesterbeiträge - Oktober 2023',29580.30,0),
(39,12,0,7,2,52,'belegposten',1,'2024-01-11 11:27:03','Erstiwoche 2023 - Einnahmen',1200.00,0),
(40,30,0,32,1,54,'belegposten',1,'2024-01-11 13:59:00','Semesteranfangsparty - Gage und Reisekosten',1800.00,0),
(41,30,0,38,1,60,'belegposten',1,'2024-01-11 13:59:00','Semesteranfangsparty - Bühne und Security',600.00,0),
(42,30,0,39,1,61,'belegposten',1,'2024-01-11 13:59:00','Semesteranfangsparty - Raummiete',150.00,0),
(43,11,0,8,2,62,'belegposten',1,'2024-01-11 13:59:00','Semesteranfangsparty - Einnahmen',1500.00,0),
(44,19,0,40,1,44,'belegposten',1,'2024-01-11 13:59:00','Hosting - Hostsharing September',95.00,0),
(45,19,0,41,1,41,'belegposten',1,'2024-01-11 13:59:00','Hosting - Hetzner Oktober',9.73,0),
(46,35,0,42,1,63,'belegposten',1,'2024-01-11 13:59:00','Klausurtagung - Unterkunft und Verplegung',1950.00,0),
(47,35,0,42,1,64,'belegposten',1,'2024-01-11 13:59:00','Klausurtagung - Unterkunft und Verplegung',2450.00,0),
(48,32,0,43,1,65,'belegposten',1,'2024-01-11 13:59:00','Klausurtagung - Bus',850.00,0),
(49,1,0,44,1,66,'belegposten',1,'2024-01-11 13:59:00','Semesterbeiträge - Semesterbeiträge November 2023',15667.20,0),
(50,19,0,45,1,45,'belegposten',1,'2024-01-11 13:59:00','Hosting - Hostsharing Oktober',95.00,0),
(51,19,0,46,1,42,'belegposten',1,'2024-01-11 13:59:00','Hosting - Hetzner November',9.73,0),
(52,30,0,50,1,71,'belegposten',1,'2024-01-11 14:10:07','dekadente Weihnachtsfeier - Private Auslagenerstattung',250.00,0),
(53,30,0,50,1,69,'belegposten',1,'2024-01-11 14:10:07','dekadente Weihnachtsfeier - Private Auslagenerstattung',900.00,0),
(54,30,0,50,1,70,'belegposten',1,'2024-01-11 14:10:07','dekadente Weihnachtsfeier - Private Auslagenerstattung',1200.00,0),
(55,30,0,48,1,67,'belegposten',1,'2024-01-11 14:10:07','dekadente Weihnachtsfeier - Mashup Germany',1200.00,0),
(56,30,0,49,1,68,'belegposten',1,'2024-01-11 14:10:07','dekadente Weihnachtsfeier - Raummiete',500.00,0),
(57,19,0,47,1,46,'belegposten',1,'2024-01-11 14:10:07','Hosting - Hostsharing November',95.00,0),
(58,19,0,53,1,43,'belegposten',1,'2024-01-11 14:18:41','Hosting - Hetzner Dezember',9.73,0),
(59,30,0,54,1,72,'belegposten',1,'2024-01-11 14:18:41','Kulturförderung Veranstaltungswoche Studiclub e.V. - Abrechnung',15000.00,0),
(60,19,0,55,1,47,'belegposten',1,'2024-01-11 14:43:14','Hosting - Hostsharing Dezember',95.00,0),
(61,2,0,52,1,51,'belegposten',1,'2024-01-11 14:43:14','Kontoführungsgebühren - Kontogebühren Quartal 4',0.12,0),
(62,13,0,51,1,50,'belegposten',1,'2024-01-11 14:43:14','Kontoführungsgebühren - Kontogebühren Quartal 4',48.36,0),
(63,1,0,33,1,55,'belegposten',1,'2024-01-11 14:43:14','Semesterbeiträge - Rückerstattungen Semesterbeiträge',-10.00,0),
(64,1,0,34,1,56,'belegposten',1,'2024-01-11 14:43:14','Semesterbeiträge - Rückerstattungen Semesterbeiträge',-10.00,0),
(65,1,0,35,1,57,'belegposten',1,'2024-01-11 14:43:14','Semesterbeiträge - Rückerstattungen Semesterbeiträge',-10.00,0),
(66,1,0,36,1,58,'belegposten',1,'2024-01-11 14:43:14','Semesterbeiträge - Rückerstattungen Semesterbeiträge',-10.00,0),
(67,1,0,37,1,59,'belegposten',1,'2024-01-11 14:43:14','Semesterbeiträge - Rückerstattungen Semesterbeiträge',-10.00,0),
(68,14,0,56,1,73,'belegposten',1,'2024-01-11 14:43:14','Anstellungen - Januar 2024',4300.00,0),
(69,16,0,57,1,75,'belegposten',1,'2024-01-11 14:43:14','Umbuchungen Konto-Kasse - Transfer Bar zu Konto',-2435.70,0),
(70,16,0,9,2,74,'belegposten',1,'2024-01-11 14:43:14','Umbuchungen Konto-Kasse - Transfer Bar zu Konto',2435.70,0),
(71,14,0,59,1,76,'belegposten',1,'2024-01-11 15:01:46','Anstellungen - Februar 2024',4300.00,0),
(72,14,0,61,1,77,'belegposten',1,'2024-01-11 15:01:46','Anstellungen - März 2024',4300.00,0),
(73,19,0,58,1,48,'belegposten',1,'2024-01-11 15:01:46','Hosting - Hostsharing Januar',95.00,0),
(74,19,0,60,1,49,'belegposten',1,'2024-01-11 15:01:46','Hosting - Hostsharing Februar',95.00,0),
(75,51,0,62,1,78,'belegposten',6,'2025-02-04 15:47:58','Kontoführung - Q1',50.00,0),
(76,57,0,64,1,82,'belegposten',6,'2025-02-04 15:47:58','Hosting - April',80.00,0),
(77,57,0,65,1,83,'belegposten',6,'2025-02-04 15:47:58','Hosting - Mai',80.00,0),
(78,57,0,66,1,84,'belegposten',6,'2025-02-04 15:47:58','Hosting - Juni',80.00,0),
(79,51,0,67,1,79,'belegposten',6,'2025-02-04 15:47:58','Kontoführung - Q2',52.00,0),
(80,46,0,1,3,98,'belegposten',6,'2025-02-04 15:47:58','Semesterbeitragszuweisungen FSRs - Zuweisung',2000.00,0),
(81,47,0,1,3,99,'belegposten',6,'2025-02-04 15:47:58','Semesterbeitragszuweisungen FSRs - Zuweisung',2000.00,0),
(82,48,0,1,3,100,'belegposten',6,'2025-02-04 15:47:58','Semesterbeitragszuweisungen FSRs - Zuweisung',2000.00,0),
(83,49,0,1,3,101,'belegposten',6,'2025-02-04 15:47:58','Semesterbeitragszuweisungen FSRs - Zuweisung',2000.00,0),
(84,50,0,1,3,102,'belegposten',6,'2025-02-04 15:47:58','Semesterbeitragszuweisungen FSRs - Zuweisung',2000.00,0),
(85,74,0,1,3,97,'belegposten',6,'2025-02-04 15:47:58','Semesterbeitragszuweisungen FSRs - Zuweisung',-10000.00,0),
(86,57,0,68,1,85,'belegposten',6,'2025-02-04 15:54:42','Hosting - Juli',80.00,0),
(87,57,0,69,1,86,'belegposten',6,'2025-02-04 15:54:42','Hosting - August',80.00,0),
(88,56,0,70,1,92,'belegposten',6,'2025-02-04 15:54:42','Anschaffung Büromaterial - Einkauf',20.00,0),
(89,56,0,70,1,93,'belegposten',6,'2025-02-04 15:54:42','Anschaffung Büromaterial - Einkauf',50.00,0),
(90,56,0,70,1,91,'belegposten',6,'2025-02-04 15:54:42','Anschaffung Büromaterial - Einkauf',80.00,0),
(91,51,0,72,1,80,'belegposten',6,'2025-02-04 16:39:54','Kontoführung - Q3',53.00,0),
(92,57,0,71,1,87,'belegposten',6,'2025-02-04 16:39:54','Hosting - September',80.00,0),
(93,74,0,63,1,103,'belegposten',6,'2025-02-04 16:39:54','Semesterbeiträge - Semesterbeiträge Sommersemester',50030.09,0);

--
-- Daten für Tabelle `demo__booking_instruction`
--

INSERT INTO `demo__booking_instruction` (`id`,`zahlung`,`zahlung_type`,`beleg`,`beleg_type`,`by_user`,`done`,`instruct_date`) VALUES
(1,1,1,23,'belegposten',1,1,NULL),
(2,2,1,7,'belegposten',1,1,NULL),
(3,3,1,2,'belegposten',1,1,NULL),
(4,4,1,8,'belegposten',1,1,NULL),
(5,5,1,17,'belegposten',1,1,NULL),
(6,6,1,1,'belegposten',1,1,NULL),
(7,7,1,3,'belegposten',1,1,NULL),
(8,8,1,9,'belegposten',1,1,NULL),
(9,9,1,18,'belegposten',1,1,NULL),
(10,1,2,26,'belegposten',1,1,NULL),
(11,2,2,27,'belegposten',1,1,NULL),
(12,10,1,25,'belegposten',1,1,NULL),
(13,11,1,4,'belegposten',1,1,NULL),
(14,12,1,30,'belegposten',1,1,NULL),
(15,13,1,15,'belegposten',1,1,NULL),
(16,3,2,28,'belegposten',1,1,NULL),
(17,4,2,16,'belegposten',1,1,NULL),
(18,14,1,24,'belegposten',1,1,NULL),
(19,15,1,10,'belegposten',1,1,NULL),
(20,16,1,19,'belegposten',1,1,NULL),
(22,17,1,5,'belegposten',1,1,NULL),
(24,5,2,12,'belegposten',1,1,NULL),
(25,20,1,6,'belegposten',1,1,NULL),
(26,18,1,11,'belegposten',1,1,NULL),
(27,19,1,20,'belegposten',1,1,NULL),
(28,24,1,31,'belegposten',1,1,NULL),
(29,25,1,32,'belegposten',1,1,NULL),
(30,22,1,34,'belegposten',1,1,NULL),
(31,21,1,33,'belegposten',1,1,NULL),
(32,23,1,21,'belegposten',1,1,NULL),
(33,26,1,35,'belegposten',1,1,NULL),
(34,6,2,36,'belegposten',1,1,NULL),
(35,27,1,37,'belegposten',1,1,NULL),
(36,29,1,29,'belegposten',1,1,NULL),
(37,28,1,38,'belegposten',1,1,NULL),
(38,30,1,22,'belegposten',1,1,NULL),
(39,31,1,50,'belegposten',1,1,NULL),
(40,7,2,49,'belegposten',1,1,NULL),
(41,32,1,51,'belegposten',1,1,NULL),
(42,38,1,53,'belegposten',1,1,NULL),
(43,39,1,54,'belegposten',1,1,NULL),
(44,8,2,55,'belegposten',1,1,NULL),
(45,40,1,42,'belegposten',1,1,NULL),
(46,41,1,39,'belegposten',1,1,NULL),
(47,42,1,56,'belegposten',1,1,NULL),
(48,43,1,57,'belegposten',1,1,NULL),
(49,44,1,58,'belegposten',1,1,NULL),
(50,45,1,43,'belegposten',1,1,NULL),
(51,46,1,40,'belegposten',1,1,NULL),
(52,50,1,61,'belegposten',1,1,NULL),
(53,48,1,59,'belegposten',1,1,NULL),
(54,49,1,60,'belegposten',1,1,NULL),
(55,47,1,44,'belegposten',1,1,NULL),
(56,53,1,41,'belegposten',1,1,NULL),
(57,54,1,62,'belegposten',1,1,NULL),
(58,55,1,45,'belegposten',1,1,NULL),
(59,51,1,48,'belegposten',1,1,NULL),
(59,52,1,48,'belegposten',1,1,NULL),
(60,33,1,52,'belegposten',1,1,NULL),
(60,34,1,52,'belegposten',1,1,NULL),
(60,35,1,52,'belegposten',1,1,NULL),
(60,36,1,52,'belegposten',1,1,NULL),
(60,37,1,52,'belegposten',1,1,NULL),
(61,56,1,63,'belegposten',1,1,NULL),
(62,9,2,64,'belegposten',1,1,NULL),
(62,57,1,64,'belegposten',1,1,NULL),
(63,59,1,65,'belegposten',1,1,NULL),
(64,61,1,66,'belegposten',1,1,NULL),
(65,58,1,46,'belegposten',1,1,NULL),
(66,60,1,47,'belegposten',1,1,NULL),
(67,62,1,67,'belegposten',6,1,NULL),
(68,64,1,71,'belegposten',6,1,NULL),
(69,65,1,72,'belegposten',6,1,NULL),
(70,66,1,73,'belegposten',6,1,NULL),
(71,67,1,68,'belegposten',6,1,NULL),
(72,1,3,84,'belegposten',6,1,NULL),
(73,68,1,74,'belegposten',6,1,NULL),
(74,69,1,75,'belegposten',6,1,NULL),
(75,70,1,80,'belegposten',6,1,NULL),
(76,72,1,69,'belegposten',6,1,NULL),
(77,71,1,76,'belegposten',6,1,NULL),
(78,63,1,85,'belegposten',6,1,NULL),
(79,74,1,77,'belegposten',6,0,NULL),
(80,75,1,78,'belegposten',6,0,NULL);

--
-- Daten für Tabelle `demo__comments`
--

INSERT INTO `demo__comments` (`id`,`target_id`,`target`,`timestamp`,`creator`,`creator_alias`,`text`,`type`) VALUES
 (1,1,'projekt','2023-05-12 09:35:12','system','','eyJpdiI6Ill5OExRemJYM3BJWFNrZHZmL1c5b1E9PSIsInZhbHVlIjoibDkyUHMyRXoxS051T0FjeUpvZ2czQ1JqZ0xwV2svaFZ4cS9YeUhoR0ZEQT0iLCJtYWMiOiJjYTcxZWM2MTllNTRhMDFjM2E5NmJjMzZjMTQ4MGZiNTNjNmM5YThiMjJmYTJjMTViZWY0MTdjMmEwYzA1MzUzIiwidGFnIjoiIn0=',1),
 (2,1,'projekt','2023-05-12 09:35:28','system','','eyJpdiI6Ik53U24zWk0rU0NqOVJPUTBTTUltbWc9PSIsInZhbHVlIjoiL1BSeS9RR2syV1NIOWtLNitUcS9YWTdUa3ZJc3FQaEhOcmVveng0NEJ3Sm9TY3FTMXdYanhKaGtEZHRqdkVUUSIsIm1hYyI6IjMzYjUyZWQxMjhmZjg0MGY0M2UyYTNkZDI4N2IzNGVhYjI2MDZiM2M2NzM3ZWNhYjU1YWQ4NDljZDFjNWYxNGYiLCJ0YWciOiIifQ==',1),
 (3,1,'projekt','2023-05-12 09:37:49','michelle','Michelle Storandt','eyJpdiI6Ik9wOEN4WEZaR09TTlRiaFRpUG9kRGc9PSIsInZhbHVlIjoiY1RxamlIMEMrMFZWbCthZU9RWU80M0JJNjNHVzAyV0hQQktpaFJQV0Nxc1JuMHFRbkJ6M293YUpRVkV4VzZzbSIsIm1hYyI6ImY5NDc3YjBmZDA3MGQxZjgyY2ZhNTI2OTFkNzlkZDkwNWQ1NTkwMTYwODI1ZDc5MGZjMDc1OWU0ZjZjNmJkNGQiLCJ0YWciOiIifQ==',0),
 (4,1,'projekt','2023-05-12 09:38:08','michelle','Michelle Storandt','eyJpdiI6IjVoZXdSeE00dEYrbTBRblRWZlhDS0E9PSIsInZhbHVlIjoiaytmc1NMSnpVRit3SzY4N0x0eWJPOCtLZ01VNnl1Yk1uY3lPTno4NTl6N092eUxreTlRb1loUkw2MmhBVlFhYWpqKzlpZlp3Wk5Wc28yVStQSnNZaGc9PSIsIm1hYyI6ImUxZmUwYzUwZmMzZDBjYzk4M2UxMTQxYmY4NmQ1ZmI0OWI2MTUwYzFkYWI2MzkzYzBiMzdlYzI1MjNlYjkwM2UiLCJ0YWciOiIifQ==',0),
 (5,1,'projekt','2023-05-12 09:45:12','system','','eyJpdiI6ImpPYjF6UEdnU0VjUEdJc29NT3ZpeXc9PSIsInZhbHVlIjoiMDRITVZiUVFZeW1ER3MzbUdmSmZxMUpucmk3b0srakZTcXpwcFoyMEd0UU1paDl4S2E4ZTE4Y3RVdzh5VmR4R3RmRkFSemhYVnFHdFE0akRXR1d1VWc9PSIsIm1hYyI6IjlmYzM2YmM1OTVhYjRlYzlhNmE0ODhjY2U1YWQ5NGVjNGE1NGFhYmY0OWJlNjUwMGZkYTlmNWY4YmU2NjMwZmMiLCJ0YWciOiIifQ==',1),
 (6,2,'projekt','2023-08-11 18:14:30','system','','eyJpdiI6IlFBZ25LYWV2SGRVRHR4M2FpSzVUYkE9PSIsInZhbHVlIjoiY3pyZDlrM2NIT0RYbGVBL1A0Mi94U0ZZN1JpWlpxVWV2NWQ4eEkxY2t1TT0iLCJtYWMiOiIxZjQ0NGVmM2FjM2U3NmYwNzExYWFmZWY2YThlODE3ZmRmYTNmNGZhZjgxMDk2MDllMTllMmJkNjI3MTUzOWQwIiwidGFnIjoiIn0=',1),
 (7,2,'projekt','2023-08-11 18:14:38','system','','eyJpdiI6IjN6dmFwYWlGWGhlKzVuUEQraE9jZ0E9PSIsInZhbHVlIjoiaXN3Y2lLalZieWdSQ3R0dzRQVVR0cWVOYWNGRnZoNnQ3Vzd4bGlncjc1MXRuMlAvR1NuSjR4aU5qcXhxWG04YmhTL1RFNDVLUmhvdzlWcmYzQnRjUXc9PSIsIm1hYyI6ImFlYjJhMWQyMTkwZTQ5MTY2MTQ1MzliZjllNjY1ZmExNmIwMGRiYWVlMGZlZmQ5YjcyMDhjNDg3MzdhY2I5ODIiLCJ0YWciOiIifQ==',1),
 (8,3,'projekt','2023-08-11 19:45:44','system','','eyJpdiI6IlVhS2pBbStKR3pHdU8wK2xYNjExbGc9PSIsInZhbHVlIjoiblFnSlRibVgzK1UwZ3prcTF6K1hETFg4cmRzeTJLcTdVY0lSekVzVjlIYz0iLCJtYWMiOiIwZjA2NTgyOWI2NGFiOWY4YzgzMjc3ZjQxNzllZWY4ZDFjM2Q5NWQ5ZTFkYzNhODc3OGQ3MjBmOTA1Yjc0OTgzIiwidGFnIjoiIn0=',1),
 (9,3,'projekt','2023-08-11 19:45:54','system','','eyJpdiI6InFJMWoyRDVjZmRPYjFrVkttaS9NMGc9PSIsInZhbHVlIjoiRTVHKzQ1WUhadnY0UDM3NHZHYkhMTURaVkJiS3Z4TERaVWNpOG5ib1hWU015bzZtcFhsSWpoTGZXTEhHVitoMiIsIm1hYyI6ImQ1ZDg3ZTQ5OTE0MDYwNTg3MmJmMTRkNGE4NzA1NmQ4YTlmN2JlMjJiODIyZTc2ZDVkNWM5YjQ0MWZiMTM1YmQiLCJ0YWciOiIifQ==',1),
 (10,3,'projekt','2023-08-11 19:47:24','system','','eyJpdiI6ImpLV0lHSVhlUzA4RzFMWi9xUzFUcHc9PSIsInZhbHVlIjoiTGVPbk9YVmRtUC81dVdrQ0tkbVpXZWlsVk5URjM2ZXV5OW9BSUpZRWVqTThaZEk2LysrOEx0UmJiWU96S2RwemVyblpYT2JxQXVNZzAyUUQvTisxekE9PSIsIm1hYyI6ImFiNTlhMGZmOTBhNThjZTA5ZWM5NmFjYjE2YmI4YmYwNjBlZDk4NmUwZjAxNDE4NWFhNmYzMzM0MTNlYzAyYzEiLCJ0YWciOiIifQ==',1),
 (11,13,'auslagen','2023-08-11 19:54:16','demo_hv','Service','eyJpdiI6ImwxQWIzemNaMHZCOCsyQ0sxWUF2U0E9PSIsInZhbHVlIjoiQm1ESStQQTJ4d1R3TFhhQytkQUNNZTdnZVc2a3NyZWN3V0VmdWlJSWVRVHlZYXBNWWpqODBnVDZ6aDdMc3hkZDVaT0RUa0oxYXp4bmExWmJ5VW4xUkE5cDBBT3VkdG1Jb20rTzZnbFRqUWR1M292M0VlTlA5SnUzTGMyZmlEblphWEE4YUFja2dKZk5tcTBVbVYvaXNrcFhNVFFBRjNlTEFaMUFJN1hVdjk1Q1E5LzBxUEJHbWhzeC96bzhJRWlQIiwibWFjIjoiNzhhMTdhNjY0MDAyYjE2N2Q2ZWMwZTZmMjliYzlhNDYwM2FmM2ZlZDQ2M2VhM2ZjY2UyOTBiYmQzZDUxYzJiYyIsInRhZyI6IiJ9',3),
 (12,4,'projekt','2023-08-11 19:54:30','system','','eyJpdiI6IkFzMG0wU0poQ2h5MzVaYi9wSTVZWFE9PSIsInZhbHVlIjoia1JKWlU1TVpTN3lGaEFpdUZueHNiaFV0MFprZStBcnk5eXByaXZUNmxRQT0iLCJtYWMiOiJlZmFhN2I2MGU3OGEwYzVhYmE0ZjA3YmIwNWQ2OTU2YmRhZGQ5ZTg5ZTM2MGMwZWIxOTk4NGIyNzUzZWM1MzI0IiwidGFnIjoiIn0=',1),
 (13,5,'projekt','2023-08-11 20:08:00','system','','eyJpdiI6InNxRkdzQUtZTkZReWozWWg2dmc1eVE9PSIsInZhbHVlIjoidTJWbFBvRGRSeEl3Y1dSNnRsSTdlTUVKYUJBTWdkUW9sbU1wcE16ZHJidz0iLCJtYWMiOiI5N2U0MDhjMzFhODhlOGMwZDBhOWE3ZTVhMmFkZDFjZjRmOTJmOTkwMzYzMmI1ODMzZGUzMTA1NTZiYzlhZjY5IiwidGFnIjoiIn0=',1),
 (14,5,'projekt','2023-08-11 20:08:07','system','','eyJpdiI6ImExVnJ0TnVHaC9HZ0w3ZWNUTUtLR2c9PSIsInZhbHVlIjoiRjFGRnNVbWIzVmFHZW42eTFjTUpqd1ExL1BzMWw3OGp0NDBBclg1U3FHYytLVkZNM1RuQi8vWFJSZjVtZFgydCIsIm1hYyI6ImZhYzkyNGEzZDZhMzllZjg1OWE0ZjM2ZDkzMmYzNWRiM2EzYzUzOTRmZDk4NjFmZTIyNjUxNGY3MjcxMjllN2UiLCJ0YWciOiIifQ==',1),
 (15,5,'projekt','2023-08-11 20:08:14','system','','eyJpdiI6IndaSDMwZkFYeU9uWDIxU3RhZXFBZWc9PSIsInZhbHVlIjoiQU1IR0NESE1rTEhFSG9vd1NNaHRJY2kzaWUyWCs1bElsUU40cGY1bUhKbUdsRkQ4bGtjZ1M4RjhKZlQ2MTVzZFhLYUxmS3R6OWFoSElBVzhWQzdrUFE9PSIsIm1hYyI6ImY2YjljOThlNjJhMWFiYjkwOGEyMzNjN2JjNTIzZDVlNDhmNTRlN2M2ZjkzMmFmNTE1NTg3YzY2NDQ4ZDJmNDgiLCJ0YWciOiIifQ==',1),
 (16,6,'projekt','2023-08-11 20:28:24','system','','eyJpdiI6Im95eDdVQUwyeEtzamE0ekJiWkZIOWc9PSIsInZhbHVlIjoiUTJVNUR4UG5MN2l6blJWMVpvaWU5cTRXRVJ3V0lzMkdoUG80aUdZWHBMYz0iLCJtYWMiOiIzOGUyNDdmOWM4Y2E5Y2RkYTAzZTVlMzU2NjI4MGZkZDk5ZWM4OGJiZDc4OWUzNmJhMjY0OTQ3ZTg5NDMyYjFkIiwidGFnIjoiIn0=',1),
 (17,6,'projekt','2023-08-11 20:28:31','system','','eyJpdiI6IitWeHh1ZjdnK0REM2loWnBZSEZuY0E9PSIsInZhbHVlIjoiNHJEUkNGVXFGZnVpRDdPMWdHQUhSeWVXbmdEL3NCbkxDeFc3MXBCNHBMUm5pZWtsU3NwQ1ZjTlBFdjBaQU53eiIsIm1hYyI6IjgxN2E0MGY3ZDdmMzhlM2MxMGIxZTg2ZDAxNDBmOTg5ZDIzMzA0MTNjYjExOGFhN2VhZDYxNjBiYjYyZmJlN2QiLCJ0YWciOiIifQ==',1),
 (18,6,'projekt','2023-08-11 20:28:38','system','','eyJpdiI6ImVtcUcvRnpHbVd5a1U0WkNHTjdPMXc9PSIsInZhbHVlIjoiWDdKaUNGUksrSnNxVVl4S28rNjJUb0tFYmZsMnF4TnBEN2lQTXBpZkc0U0FNSXVsS2RiZGRRalJKNFdjVnd4ZzZFWlJIbUhaTkVjdWVPdHBIZnd1TVE9PSIsIm1hYyI6IjI2ZGRmOTYwNWM1ZjFhOTcwMjQ3ZGI0YTU3YjMxMmE5NGE4OTdiOTBlNzA3OGE5YjQwZTQ4YjFhNTAwNTU2ZmYiLCJ0YWciOiIifQ==',1),
 (19,7,'projekt','2023-08-11 20:39:28','system','','eyJpdiI6IkZZdHZWenZqUVc5aEVvVG10dytLTlE9PSIsInZhbHVlIjoia09Ha2tKVE51STdtWDNyOC9McXplSXJZT1IyYytJQlkxTEZnTkllVUxlQT0iLCJtYWMiOiI4MTljNWUxOWE5ZDEyM2MwZTE4YTMzNWJlZDY5MWEyMGViZGY0OWY3OWNmZTQ3NGVmODg0MmFhMzAwNzI4NTJkIiwidGFnIjoiIn0=',1),
 (20,7,'projekt','2023-08-11 20:39:33','system','','eyJpdiI6IjQ4dmZoZlZDekFXdGNzT3diSHU2MXc9PSIsInZhbHVlIjoiQVUrWXFnekFIcEgrK3h6K0FBd3IxcXVnNWg5WjBaSXliUEZtSGRGQ25za0ZRY3daSjNIeXZFU28zOGVEeUF6bSIsIm1hYyI6ImI2MTg1NTY0MTZhNjIwYWFiNGQyOWU1YTFhMmFmNzI2MWFiNzZhMGY3ZDUxZGYzZTBmYTljMjFiMTk5YWYzNjkiLCJ0YWciOiIifQ==',1),
 (21,8,'projekt','2023-08-11 20:41:37','system','','eyJpdiI6ImpubFVFQlY0Q3I4OUxmRUM4eDhjMGc9PSIsInZhbHVlIjoieXdIN2ZVcTFsdEdFRS9MYTEwam1qODJ2amh1MzZ3eVJGOHVETDZyL3dzUT0iLCJtYWMiOiI2YjkzMTQ0YzI2MGNkYmJhMjljNWJmZTNlZjBjZjY2ODE3MTk3OTkxZWNkMTY2ZGE2MzM2NTQ2MTE0ZDYxODU3IiwidGFnIjoiIn0=',1),
 (22,8,'projekt','2023-08-11 20:41:45','system','','eyJpdiI6ImFIQ2k1TThQdEthWmcydUVmcGxQT3c9PSIsInZhbHVlIjoiN05jNFZqZVhpcDgxZkhyKzQzaVBIOWZVd3M2RDY0ejNXcXBKOXpMc0pTRStOM2MxQmtaMXprVHd3Sk5CVFNsVUZVajVmRzV6ZWY5Q0t2ZGxNaDJLTVE9PSIsIm1hYyI6ImIwMzI4ZTFkOTM5NTczY2MwZTQ4MzFmY2RjNDg2YjM1ZjM0ZGU5MWExYTg0YzVlODFlMWIyYzE0NDRiZTZiYzAiLCJ0YWciOiIifQ==',1),
 (23,9,'projekt','2023-08-11 20:50:18','system','','eyJpdiI6IlduMW1DWmtqOStCZWpYeHFBdkkrOEE9PSIsInZhbHVlIjoiYUVMVG5NVGZremMzRU9HMzJyRTZxUVdiajNsZENlQ0VnZUtBVFd3MnluTT0iLCJtYWMiOiIzMDdmMDNlZDQ5ZGE0YzY2NjQxMDBjMTE2NzU4OGEyY2JmNmM4YTNiMDAyY2Q5NThiZjBlOWJiNTEyYTI1ZGJkIiwidGFnIjoiIn0=',1),
 (24,9,'projekt','2023-08-11 20:50:26','system','','eyJpdiI6IndtL0NTa1lxWU5RSG4xN21xRVBVU1E9PSIsInZhbHVlIjoiUTZzbVlMcWVCbkhGWVB3NWFhVVJZSG1YaFNTVFBpMFdjU1Yyd1g5TFlXb1BScFFzYjdaYnNzMzdMVk5ZcjlYWlJoU3JhaElwc1IrN0NVV3hYY2t3UGc9PSIsIm1hYyI6IjgyNWUzZmY3YWNkODdlNDRlMGE4MmYzMzE5MTg1ZDhlNTZmZDMyNGZlMGM0MzFlODRhNmYyMjU0NjRjMGQxOTQiLCJ0YWciOiIifQ==',1),
 (25,10,'projekt','2023-08-11 20:58:16','system','','eyJpdiI6Ik8ydkhKdDM0ZncwUnIzOG1wZzl0ZXc9PSIsInZhbHVlIjoiOEdDcVFLM3FaT3NBbVdZSTliNDhQT2ViY1VKMmxCcWQvaENyUEFYWFEyQT0iLCJtYWMiOiI0ZjZmYWRkOTY0ZWFjZWIzODNjNDQ3ZDczMzc1NTJjYmI2ODNhZjlhMTJiMGJkM2YwOTQ1NTQ2YjNlYjBmOTQ1IiwidGFnIjoiIn0=',1),
 (26,10,'projekt','2023-08-11 20:58:23','system','','eyJpdiI6Ikp3eEsvdUZiaHFtSml3b1gvSk1paWc9PSIsInZhbHVlIjoiYkdPNXUyTkEraVg4Yks0Z2pvV2dOaEdyNkVteE5iUXJuZERxeTlLcGlaUThna1d1K0JZdHdxS3dMcmcvYzNvcmp4WVVucU1OQ2dFeFpFZDRWb3JzQkE9PSIsIm1hYyI6ImZiZjMzMjgxYWIyMDg1NDc5ZjRiZmM3NDIwNzY3YWFlNGM1NmQ5YTFhZjM5MzY2MzY5NjVkNjRiYzAxNGM4ZGMiLCJ0YWciOiIifQ==',1),
 (27,10,'projekt','2023-08-11 20:58:42','system','','eyJpdiI6InpJNUFXa2VYcno1OW82MENGTS9tUWc9PSIsInZhbHVlIjoicmtSdG9acVM4M2t1N21VbFBPSmJ1RW95T3lJdzQ5YTJQQThTQjF0ck1RK2FnRGl2KzlmbkNMM2g3U3hYMHlKN0JENzJUekQ1YUN1Y2xNMlZiQlhrK2c9PSIsIm1hYyI6ImVkOGJlZWY0NzA2ZmJkY2M0YjkwMmZjMmRlYjQzOThhNDQ3ODY2Yjc5ZWM2OGZiOWE4MmRjYWI2OTczNmQ5OTYiLCJ0YWciOiIifQ==',1),
 (28,4,'projekt','2023-09-22 17:47:09','system','','eyJpdiI6Ik12R29RbnRjRkgxU29QVjdvakUvWUE9PSIsInZhbHVlIjoiWjJ5THBhSFpiL2ZUVGZQamx6RlVNeUFpQWZGbWJya1pOK1B0b3JLOGZtZnYrWHJ1bWplc2YxeGlqTFM3YjVIWUZ3RFNVMGxoMTNzQzNFMjI2MTVWYUE9PSIsIm1hYyI6IjhmZTM2N2E3YTU1NDM0MzJkOTA3OTI5NTY2MjkxYWM2OTY4MzUxOTcwOGJjMmI2NjI0ODc2MWZhNzY0OTJjZjkiLCJ0YWciOiIifQ==',1),
 (29,2,'projekt','2023-11-23 16:06:00','system','','eyJpdiI6IlNtbFhZL3E2Q0g4OFlzcXIySm0zOEE9PSIsInZhbHVlIjoiYUxmZEZQSlYrNExlUDlqMmc3WEt3UWJDQno1YnR1SDNGZ2tibDl6U3FxazBOQy8xbE5nSE9ZTTQwN1VuZmF0TkJhNnlzdEVEakNyVmlNWUE1WUR1WXIxMUFBZitQYXhEVG9qcVZzS3FoT0E9IiwibWFjIjoiNzg2ZmIxYzI5YjdjZDhmNTJkNjI4ZjMyYTVjNzM4MWMzYWQ1ZTljOWRmMjVlOTVhNDcxYmE4NjI3ODQ0MWEyYyIsInRhZyI6IiJ9',1),
 (30,12,'projekt','2023-11-23 16:09:08','system','','eyJpdiI6Ijc1U1Nlck5UQU5SSktHZXpCeGM2cFE9PSIsInZhbHVlIjoiNHQ3VFVvQnNLeU1YREpxS1ZhNkhqajM2NlhTV3NTRjBwcDdMWmloQitXQT0iLCJtYWMiOiJmNGJjNWE0MzI5NjMyYzQwMTk2YjllZWQzYjc2YjgzOWU2NWMxZGU2NGIzYWYzNmZhZmFjMjVmZjY4ZTYyN2QwIiwidGFnIjoiIn0=',1),
 (31,12,'projekt','2023-11-23 16:09:21','system','','eyJpdiI6ImR0dTdEbC9ScWpwTUVwWWluTi9qNHc9PSIsInZhbHVlIjoicnJYNGpuekhZcWlHNmZNTGw1RVlvVWF5VWVOSU04WEFpYzZSV0pEbERTQkpQRU5LSGcxUXNaSHNXWWkyVFprenRKZzUzYWhWREJEY0lMNnUvSk8zemc9PSIsIm1hYyI6ImExZjEwYjlmZDc0MTEwNzA2OGExNGJiZmIyNjQ0NTgzMjJkNmRkNGViMjhjMjJjNzBiZmRkNTBmNzM4MzYxNTgiLCJ0YWciOiIifQ==',1),
 (32,12,'projekt','2023-11-23 16:09:28','system','','eyJpdiI6IldYTnV3R1R0SjRUbGZiY0JDdmNNdmc9PSIsInZhbHVlIjoib3Q0R1E0YUJ5TFVRa1dqS1NLek1KR0JZTVUyWVpVc09jai8yVlk5Rnh5cUNqTDYzZnd6Z2s3bFJyV2hVSmFFcnFjTXZ1OWZVaXFGVXc5RDBsUlhBZGFUY2l2aHBiMGJ2TDNzaE83UGdpRE09IiwibWFjIjoiYjE5ZDgxMzUwZjI5YzE2M2RkZWIyMGMwYTM4NjI4MWQ5N2JjYmI2ZmFkNTUxOWZhYzk4MTUxMTc5OWVmYjI1MyIsInRhZyI6IiJ9',1),
 (33,12,'projekt','2023-11-23 16:09:34','system','','eyJpdiI6IkpTUUw2NEFmWS9vU2dmYmM4TjN4Mmc9PSIsInZhbHVlIjoiZzhhN0tLc1FSdytLZHRnY1psaXFObllDODNNSDBwN1U0d0N0TnNLU2FhSFU3MGh3NVV3L0JpV2RSMW05S1VxSkVNR3NteCtQY1VqdFhNYXpOQm9TaXc9PSIsIm1hYyI6ImJkODI2NDM3MTQxNGY4ZDE4MDkwNTYzMGMwYjMyNWM3MThlZGQ3ODU5YTc3ZTRmMGUyZTM2OTM0MTRmYWFlODYiLCJ0YWciOiIifQ==',1),
 (34,12,'projekt','2023-11-23 16:09:41','system','','eyJpdiI6IlJkK3FSRGdCVVluYndSKy9HV3BJc0E9PSIsInZhbHVlIjoiN1NSeHl0NEJGSFZITnlXK0xzZjA4NjI0eEY2TWVmMVMxQXlNSDFxSjYyVGJtL2ZOYkt1Slg0czFyOEFCMXFwRCtQQXJqU2U5bFpkTmczRHpHWTZoSnhnQ2YzN2VyZWVkRkdkeUp4T25EUUE9IiwibWFjIjoiY2UyMTQzMTQyYmE1MzVkZGFkYWQ5N2EzMTVkNTQ4ZDZiNWViZWZhN2JmYTE5ZDllZmY5OTg5Njc1ZTcyZmEyMSIsInRhZyI6IiJ9',1),
 (35,13,'projekt','2023-11-23 16:21:19','system','','eyJpdiI6Ii9Kcm5DZGc0UVY2ek9QYUdidVNRVmc9PSIsInZhbHVlIjoibmllNktLZFQ0TlRCT1p1czFxeDJaeXdlaGV4dXhJWWxZTXpHbE9YT0JObz0iLCJtYWMiOiIyNWQxZGYzYWEyMzAxNDRlMzBkOGViOWQ4OGFhMTM5ZGIyOWIwOTBhZjBmMmVlNWU5YTMxNWYyNzUwOGY0ZTg0IiwidGFnIjoiIn0=',1),
 (36,14,'projekt','2023-11-23 16:33:46','system','','eyJpdiI6IkJDc0JuUXJ2RkxqOFVGVWR5M0ltS0E9PSIsInZhbHVlIjoick16RTRQSkoxVUp3M1hoVm5SVk9xam0xUWE0RkR1eUw2Z2pyaGN3Ylp4OD0iLCJtYWMiOiI3ZWY5YmM5YmVjNjU5NmI3MTI2ZmY1ZTRjZmI2ZjJiMTRmNjhkNjlkNDRkOWUzY2U0OWY0MmJlMWRiYzkyM2M5IiwidGFnIjoiIn0=',1),
 (37,14,'projekt','2023-11-23 16:34:24','system','','eyJpdiI6IjB4dzNmLzV0bVZocG9rTy93V3FlVlE9PSIsInZhbHVlIjoiMWVIK0JyVkxGOHVHVUVaQS9qejA3Znc5VWpQbUZjSi9yeEFWTDdNeDM0MD0iLCJtYWMiOiJkZDE1YjNhMjNkZTVkZDZmZDNiOWQyNzgwMWFkODYzMmVkMzNlNWY5NjA2M2I3NWI2YTM5ZDE2ZTQzMWMxMDg4IiwidGFnIjoiIn0=',1),
 (38,14,'projekt','2023-11-23 16:34:33','system','','eyJpdiI6IjhsdzdMM2JPblRpeUdlejZocE9nc3c9PSIsInZhbHVlIjoiZ2hNNGtieElodTlSaFBSRVhDalMyS1VQMTUyQk5neEpuM09iaEVCNENkND0iLCJtYWMiOiIxNWFiYjE4NmM2OTIwNWQ2ZTU2NWY1OWY4OTlmN2NmYjQyZWY2OTNmZWVlYjkzZTgwZDY4NzAzMGYwMjVkZjhhIiwidGFnIjoiIn0=',1),
 (39,15,'projekt','2023-11-23 16:36:11','system','','eyJpdiI6InRlSG0wZ0lrRlJFWDNLdTR4aXdXN0E9PSIsInZhbHVlIjoiSi9JQnJqdnk3TkxzV1Jac0NraUgzaHpCUWlXeEExdk1VMHZLRm5qWi93VT0iLCJtYWMiOiJmYTllMzNiZTk5NDRjNzIxMTdjOTNhMTJhMmU0MTA2M2ZmNzM1MzU4MGJmMmE2MGYzZGZlZjIwYzhlYzc3MzNmIiwidGFnIjoiIn0=',1),
 (40,15,'projekt','2023-11-23 16:38:13','system','','eyJpdiI6ImxEaTYrVVBYV2hnR3R4U2RQQkRSQmc9PSIsInZhbHVlIjoiZWo4dnRJd3ZHeGpxeXpnaE5DRWRTY2NDc0RuSmdjNllZRXg1Y0R2TFhlcmRUWlZpbHRUQ3NvcER2SVhrb1ZGdSIsIm1hYyI6IjRhN2VkMzdjY2ViYjM0YmY2NmI5ZGExYjM2NDVlYjg1ZDAwMjFkYTExNWE3OGZkMDAwNDc1YjYyMzhjYjRlYzMiLCJ0YWciOiIifQ==',1),
 (41,15,'projekt','2023-11-23 16:38:23','system','','eyJpdiI6InhUUHRaM2JWdGV0L3BnTUFJNXNVbVE9PSIsInZhbHVlIjoid0lRcGI2TVhQMm05Z095a3FlWHV0Y3ZBSWxmZWhRNURwTEJCb0RhMlFiVlJXQWJEekpuMVcrUUJTSFhOUGxnSjF2bUg3MlJCbUZ3aHY4WVRMenpWYUE9PSIsIm1hYyI6ImM2ZWM2ZDI3NmFmOWFhZDAwNjgwMWE5MzFlZjU1ZDk4YzM1YzliMTQ2YmZiZTg2MmU5YjZjNzcxYTcwNmIyNGQiLCJ0YWciOiIifQ==',1),
 (42,14,'projekt','2023-11-23 16:43:09','system','','eyJpdiI6IjcwWGZJd2RzbHJ5QTNDWlhIN3hmR2c9PSIsInZhbHVlIjoiZTNQSUJVSUtEeDFELzhyREJTUVg5V3lMNmxEZmFzTFJicGZqcExUTzNyYnhGYnhtYytzQjNyM05DeEhLbEtBcWJWZUYrWXdCTjM2SStKNWUrcTcxMkE9PSIsIm1hYyI6IjMzZjI0N2U3MWE1MmQ4MWEyYmY3NGFhMzhkYTFlZTI5OTZkNmIyN2E0NjA0Y2MyY2Y0M2Y2ZmRiMmMwYmM3ZTYiLCJ0YWciOiIifQ==',1),
 (43,14,'projekt','2023-11-23 16:43:22','system','','eyJpdiI6InhCMzlERzZvTkUxTlpFZTVwZlljeWc9PSIsInZhbHVlIjoiM0h5L0N1VVo0OFkxYVhLSG1DUFE2RXNmZ3hodjRWVkZOYnZwVk9OOFFXcWV1ZkYwVkdRYmZHTE9xelk0dk5kOFRPNlBaNnlRM0x3ckJTV0NSMGtFT3c9PSIsIm1hYyI6Ijc0MDk1MmZhOTY1NmNjYjBhYjUyNTg3MGUyMTM2NWFhOTJhNzE3ZWQ1YWExZDAxNDA2ZTVkMDlhMzljMDA3NGQiLCJ0YWciOiIifQ==',1),
 (44,13,'projekt','2023-11-23 16:45:58','system','','eyJpdiI6IlNFMmFjUFZpemdSZ0dDcU1scU10Q0E9PSIsInZhbHVlIjoiSm9qZHFzZjhsVjRmbVBMMXNhL0s0UTYraWQwMTJyN1Bsd0lBZEMvTU9HMmZmS20rRzQxSjd5d3BYNXAvSXVTZjh2MUFkcWhlWEw1cWF6M1prSlYrZ0E9PSIsIm1hYyI6IjE3OWZkMjk2YjkzODBmN2MwNzYxNjZkZTMzNzhhMzFlZjFkZDdiMjcyNTUzMTEwYzAwMTdlZmI4OWFhNTZmYWYiLCJ0YWciOiIifQ==',1),
 (45,7,'projekt','2024-01-29 01:30:33','demo_hv','Service','eyJpdiI6ImU0YUdMcEExdTM4ZU01V1lkaWdYRnc9PSIsInZhbHVlIjoiaEM3UnQxb2hPQStQZzRqWGlvZDcxQT09IiwibWFjIjoiY2MwZmJiYTcwNzBkNjRkMTI4ZDJmODU1YzFiM2FlYmExZjEyOGY3M2UxY2I1ZGU5ZDQ0NTBjMjhkODQwNTk0MyIsInRhZyI6IiJ9',3),
 (46,2,'projekt','2024-10-01 14:15:47','system','','eyJpdiI6InpVWTRiRStDbkY0UG11K2NlanROK2c9PSIsInZhbHVlIjoiVjVKMXBPNnhwcCtqb2RzVTR2SEMvbE1TZGxlQWtRbVhoeVFld0VWdTNzNFkyVGlQcWdoTFFQc3VOcXY4Vyt3ZDg0TkNxUENSVkdhaGJ1cUYyZmlzQVMxd01Mb2I3VnQrM3hVQ0lwU0cxbzA9IiwibWFjIjoiYmRkODcwOGE0ZGRlOTUxNjJjZmU3M2U0MjNlMWQ2ZjYzYzBmYmM1MzI1NWFkMGY5OTYyMDJmZjhiYjNiYjI0MCIsInRhZyI6IiJ9',1),
 (47,16,'projekt','2024-10-16 13:18:59','system','','eyJpdiI6IkZINFkycVhPTW53RE5aY0lGdFhWcGc9PSIsInZhbHVlIjoiOVZ2UmJTTWVzMWNQaWtlbnAweHBtcEVtajlRZjBZdExod3I0MzM3dkJMYz0iLCJtYWMiOiJmODE0N2VkZTA5ZmE2MjhkYmM3NDFjYzJjOGJhOGNiNzA0MjRkMTNhNTkxYjRkZTA1ZDFjNzBhYmJjYzQ5MjE4IiwidGFnIjoiIn0=',1),
 (48,16,'projekt','2024-10-16 13:19:15','system','','eyJpdiI6IlI5eWdSQlVKQjIycWpEYUFKZlppM0E9PSIsInZhbHVlIjoiajhMQUZKK2FrQjJKL29mdzhrZjJVenVMUnBzc3dPZ1VraWNDUnI1cVFLaGd6N3JmbFh1MFA1Wk83Vms0REY5eSIsIm1hYyI6ImIyOWM1Y2VkODcwYTQwY2QzYWI4NGZhZDBlZmM4Mzc5NmNkYjFlMzVhZTJkMDE4NDA0MmNmZWZjOTYzMDAyZDIiLCJ0YWciOiIifQ==',1),
 (49,16,'projekt','2024-10-16 13:19:19','system','','eyJpdiI6InkxQTAxY25IOXNkb3Z2dm9BTitjSGc9PSIsInZhbHVlIjoieGxZVGphYTdTa1FyMEE5QXVlWStDWUlZWFFOWVhIYnMyYTlGRzlCRVRMOVIrVXV4NzhXMGI4c3FURkhKTExZbHlkNTVzelhHdDlMbVZZQXRnL3p2aHc9PSIsIm1hYyI6ImQ1ZWU2ZjAzYTVmYmU5NzJlNTJlZmFiMDQ1YjE3MzVhMDNiMjdhMTliNDEzZDg0ZjMyODk4ZmY4MmQyOWFkYjciLCJ0YWciOiIifQ==',1),
 (50,7,'projekt','2024-10-16 13:22:43','system','','eyJpdiI6Im4zYi9ybENIY0dkQ1VHODBjUCtPb0E9PSIsInZhbHVlIjoiUXVLVEdPUUhJYVhMQkpIdXI1Nkc5WDlDWE5QRDd6cEV3VWI2MlF4SzBxeE9BUjRabXRPTkN6YXZzNXpkY1dybWFxZjB0UFRHY08rdU5ac0MzZjBlVXJIZndaU0ovZjErVW1BUnhzM0Rsa0FwMzFPQzF5aUFGcE1KVFRleW0vT1MrazRSd1FDWitLUkJqV1dTOVlITzh3PT0iLCJtYWMiOiJlNGYxNjFmNmYwN2RkYzdkNzA4MjE4YTA0MGNlN2MyNDFmYjM5ZGI2ODIzNzhkODMwM2VkNTY5MmNmYWVmZWI2IiwidGFnIjoiIn0=',1),
 (51,17,'projekt','2024-11-14 12:16:32','system','','eyJpdiI6InJxaWN0OGNFekhZTTl4TGYwUWxoOHc9PSIsInZhbHVlIjoiMktSRllxR0pLVTJ3ZUZIeEV4U0RiMWZSS1loMDdKV0JROW1iTWJHUWxDRT0iLCJtYWMiOiI1ZTg0MmYyNGRiNzg5NjgzNGY4MTI0NzdkZDQ5MDMzNGMwM2E4MjdhMDg4ODgyYzc4YjA0M2Y1NzdlMTRlYjZiIiwidGFnIjoiIn0=',1),
 (52,17,'projekt','2024-11-14 12:16:39','system','','eyJpdiI6Ikp1MkRWYzlTSmNhU0t4ZC90OE9MUXc9PSIsInZhbHVlIjoiTnJPRDYvTTJxSTBFRnBZV2g5NEFLLzB2TkxXbVd1UE0yendmWm5SNFkwQT0iLCJtYWMiOiJiYjg0NWExYmRmNjM4NmMyMjEwZWQ2YjExMTJjNTMyYmE5YjcyNDI1YjU0YjM2NTAzNDg1ODhiMzc1NGY2YjljIiwidGFnIjoiIn0=',1),
 (53,17,'projekt','2024-11-14 12:16:45','system','','eyJpdiI6Ikh6T25uZm90eFVsRGZGTWdBdHlCaFE9PSIsInZhbHVlIjoiQ1ZSN24vMHNGK1AvUFJZUjVhWmVtUTY3aGQ1NnMxTEJIcUVya1c3U0J3az0iLCJtYWMiOiIyMzY0NGNhNmVkYzcyOThiZTI0OWIxMTBmZWRjYjgyN2MwYWM5OTc4ZTUxZTUxNzNlMTQxOTdkZmE5MDUxMmFkIiwidGFnIjoiIn0=',1),
 (54,17,'projekt','2024-11-14 12:17:35','system','','eyJpdiI6IlY1a3psQTdvU0M4RDVlczhIRXljdWc9PSIsInZhbHVlIjoidDV4SnI2Y21WTVo0NDJZb2RLRTJkYVNkQ21PY0tQTU41L1NielNaU3pNTT0iLCJtYWMiOiJhMzllMmYzYjI3ZTlhNjMxNDg5Yzg1M2JjNjkyMzViMDRiNTg2MmRiNjQyNWE1MDQwYzc4MGRkNWQ0N2MwMGJjIiwidGFnIjoiIn0=',1),
 (55,17,'projekt','2024-11-14 12:17:50','system','','eyJpdiI6ImlPcVFJb1R5eFM0V2YyOGV1R2s5UEE9PSIsInZhbHVlIjoiMDhRYXhBVFQ3SHdGMGxEblBsWEh2aHY0T1hjMWtWd1lkdmI4NWt3Yk4raz0iLCJtYWMiOiJlMWE1OTU2YTE0YmE3ODY5MmU3NTczMzA1YmUwYmU2NjdiNDI5NTY2ZjNlYmFiMjlmNDQ0ZmM1NjI0M2NkZGQyIiwidGFnIjoiIn0=',1),
 (56,17,'projekt','2024-11-14 12:19:10','system','','eyJpdiI6IitRNEY4UFZjRVNtbC8zc1BzRG9mRUE9PSIsInZhbHVlIjoicjVwZ2FUK3dWQjQ5NzV5MmVFQ2FZUk14Wkd1cmkzRlhOUXJFamZiTmQydjJoeGtob1dGLzRFNkorYjZSR3UyMUQvL0ljOWNzWllhZzNGVm5FTkFEaHc9PSIsIm1hYyI6ImQ3YWJkZTMzMzE4ZDBkNWQ0ZDQ4NmNhMmNmODU0NTdlOGJmNTZlNTlkOTZkMGZjYzZjMTdlYjU4MzZlMTBiMzQiLCJ0YWciOiIifQ==',1),
 (57,17,'projekt','2024-12-10 16:02:53','system','','eyJpdiI6InJ2QWE0N3RZYmx0eEVmY2FWb2w5aGc9PSIsInZhbHVlIjoiV2FPa1RuQ3ZiV092L1JrbUxVaEI5MXdSNzFBVHAvNHhWS0duNFVjNzhHTXl5bmVOMFNnUU5ZVndCdWJWMXQvaDE5a2JGU2VHbVRJRlVhV1dTRWdjZ2Y1RVhNMWJMU2dHb0x3RElRVU5TTU09IiwibWFjIjoiMDFlY2QyMGNkOWU2ZjYyNTA4ZWRmNzhjOWQ4ZDlmOGNlZTY1ODE0OGU4ZjZmNDk5OTNiZmZiMDhmNjY5YzFhZSIsInRhZyI6IiJ9',1),
 (58,11,'projekt','2024-12-18 22:45:11','system','','eyJpdiI6IndSWTRjazZhV2tBc2V5YUtORldsbVE9PSIsInZhbHVlIjoicEVZbnJtSzFYVkZJaFZEV1h0UWpaY3pxSDJHUUNIc2YzdnFld0VRbDJPcz0iLCJtYWMiOiI2NTg1M2YzOTE4NjEyOGJhNDVlNTQ5MTYxNGYwMGViMDdhOTQ1M2FiODMxZWE0ZWQzNmJiN2ZkNTNmNzNiODNhIiwidGFnIjoiIn0=',1),
 (59,18,'projekt','2024-12-18 22:48:43','demo_kv','Service','eyJpdiI6ImNpS2VMSFllSSsxWGR0NjJsWDZIdXc9PSIsInZhbHVlIjoiNzJqdThSZm9adUNVaHpsK3JFTGtWQUllSGtUM1h0dlJpb29NK2hXcHpZbz0iLCJtYWMiOiIwYzkxZDg1OTA0MDEzZDQ4N2RmNjE4Nzg5MzMzOTUwZjgxOTYzZmZjNTI1Zjc1Yjc2ODZiOTFlMTQ1MjVlNGZmIiwidGFnIjoiIn0=',3),
 (60,11,'projekt','2024-12-18 22:49:06','system','','eyJpdiI6InFFMnVNc25pTzk5TU42cVc5ZzA1MFE9PSIsInZhbHVlIjoiYzdmQVZzR2tvY1RpdG5QL0h6WWQzNktrQ3BqQmJHMVlQaHNZeHFSWEpUUTR6eGx5cmdOMzZydGh0ZEE1TjJpYjlOUzNVUGZXQUE3S2xUby9JV25FVnk1clluZHZBblBYRjVtTVJBT3dwWUxsdm5TRWtsUUJRZEZNQ0I5UWVvQkwiLCJtYWMiOiI3MzYyM2I0MTk1YmM5YjhiMGEyNjM1Yjc4NzJkMjg5YjE1YzZmOGExZmE4MDllNGM3NTU0ZDcwZDdhMTcyMDRmIiwidGFnIjoiIn0=',1),
 (61,19,'projekt','2024-12-29 12:46:02','system','','eyJpdiI6IlRpdFZrdEZadmszT1VVcGJGbVhDOGc9PSIsInZhbHVlIjoiQmlMZWdDOFM2TEUrNXY5eEwwU0NSR1ZCSU1hZzk0eUdJTWI1SHZjK2RLZz0iLCJtYWMiOiI4Mzg3MGQyYWI2MjczYzVkZTBlNmMxNmQ2MDBiNWM4MjExMjdkNGVjMjFiMzUwNmY1MjMwYWJjN2JkMjc2NDgxIiwidGFnIjoiIn0=',1),
 (62,19,'projekt','2024-01-11 13:01:11','system','','eyJpdiI6IklBOHFRNEZwYVlYNU15cFhVWHgxcmc9PSIsInZhbHVlIjoiNXoxcWhtbVplYytGMlVxZDVXQnIzSHZ4czNaWWJrODNyTUx5NFFub1N5ajZMbEh2Y1FUdWpReVBBVW1kbWxlaS9ZZWJYK3V5eHh2RFFPcHVwbGs5ck5YWXRIbE04dEFXZHptSHExQVoxa0p5TGFMaHNlUjBWU3JUcHAwZ3RUaCsiLCJtYWMiOiJlNzA5Y2QyNGQzYmMxZTQ5OWQ0OTcwMDlmZTg0MTIxYjFhYmM1OTBhYWJkZDU3YWRlNGZhMThkZjI5ZDk3YzEwIiwidGFnIjoiIn0=',1),
 (63,18,'projekt','2024-01-11 13:32:19','system','','eyJpdiI6IkdtL2NIWSs2NmxwWWlOYkFSbDBiRnc9PSIsInZhbHVlIjoiQ05PaFJaWEs5MldqYkZQcExhbHpMaGo1TmJkNUdOUzVaVDBlazA0SmVwYz0iLCJtYWMiOiI0MWU1Mjg1Y2I5MjBhNzhkNTA5ZDkzZTEwZDhhYTY1NzgxMzUxYTJlMzQyOWRjNWY5MjZiMzMzYTdhOWNkNjE5IiwidGFnIjoiIn0=',1),
 (64,18,'projekt','2024-01-11 13:32:24','system','','eyJpdiI6Ii9jQUVSZTJkUFRzWE1OaWZpSnRwMmc9PSIsInZhbHVlIjoiQkgwcDgzOEdhUFVhTjJzVkxrc1FXZnhJOWtoaUNnRGM2aHM3NTc3eE1yNlFlZnp4bndjbHZ6YzJTamVyNCtiOCIsIm1hYyI6ImI3NGFjZjljNGRhYmI1MzkyOTVhNjRhNGQzZjBhODhjY2RmNjc0OTRhOWY0NzEwMTQ4YmZmMWNjNjQxYTM5N2QiLCJ0YWciOiIifQ==',1),
 (65,18,'projekt','2024-01-11 13:32:29','system','','eyJpdiI6Im9rc3g3U2Ruei93VWt0RFdOQi85SlE9PSIsInZhbHVlIjoiMTNhc1dKMXVxY1BWbnczTkhrS3ZKeGhuL1ZLQy9kdWdFbk8vdHorUHJDSFY0R2VxVGF5YUh0WldWUDExTzJ5T2dXRkpYeC9DTURIUjN2OFBMbnJIT1E9PSIsIm1hYyI6IjFiM2Q2ODdkODc1ZDg3NmI2YTg5NmE3ZDdlMTVlYzRhYWJmZDRkN2MwZmNiMTk2ODBiZWE1MDQ1ZTM0MjYyMGEiLCJ0YWciOiIifQ==',1),
 (66,20,'projekt','2024-01-11 13:48:31','system','','eyJpdiI6IkZEMXA4Z2Y1VFNlVWlzdmlIRjNPWlE9PSIsInZhbHVlIjoiWHgrZmYydkUyY25VN2wxb2EyK0gzZWZhYXBtNHh1ZGlFQzZ4SlRDU3ZZUT0iLCJtYWMiOiIwZjUyNzY3ZjUyMjViYWFlM2U1MGM2MDk0OWFiNjNkMzZmMzRhZGRkNGRlYTc5MjFkZDE1Mjk2YjZjMTQzMmRjIiwidGFnIjoiIn0=',1),
 (67,20,'projekt','2024-01-11 13:48:37','system','','eyJpdiI6Ijl1QWpyajlVQ3NDM1FnSkRwUlc2Z1E9PSIsInZhbHVlIjoidXNuSms4QzAvdkdzUXlRYm9HWmZIQzNjbDNIYVNrVGhZUDFYNUZwc1IrY3ZQdWx5TTQwZWFCUTJDcFJQaGF3dCIsIm1hYyI6IjA4NWQwMjU0NWE3YWY1MWRhZmUxNTRjODk0ZGM5ODI1OWU2NmM3YzM3NzZiM2VjMWI3Y2JmMjhmYzlmYmEwNGUiLCJ0YWciOiIifQ==',1),
 (68,20,'projekt','2024-01-11 13:48:41','system','','eyJpdiI6IjJhbklpMFNMUzBRM0sreG9wZ01iVkE9PSIsInZhbHVlIjoiUjBrVlNhMkRpNVpaa0p4MnlMM0RQWnpxNklVckNQMm50NC9iMktINXZ5SHB5d3hicDBaSzNZV0pIYWtqRTdMRjJWUFhwN1RDZ2NObktLZDR1S1RHQ1E9PSIsIm1hYyI6ImNmMzk0M2RhN2EwNzE1YmJmZWQxNmY5MzA4YTU2ZTUwYjIwZTVjYWZkMDEyMmU2ZTU1OTMxZTc2ZTUyYzhiNDgiLCJ0YWciOiIifQ==',1),
 (69,21,'projekt','2024-01-11 13:54:02','system','','eyJpdiI6IjZjbEt4b2hxUExBL1k4UDNzWXI4OEE9PSIsInZhbHVlIjoiS0ZaMlpaVHdTNHZTdkdHU0hLZGFobERoZm9FQ1VtNmg5SmRNNHB2NDdKOD0iLCJtYWMiOiJjZDM4ODNkNmYxNmRkNjA2ZGNmNDk3ZDljOWFjZDAwYjI1M2NhNDhlM2MwMmIwMTdmYTc2NjFkYzVkMjhlZDAzIiwidGFnIjoiIn0=',1),
 (70,21,'projekt','2024-01-11 13:54:07','system','','eyJpdiI6InlITTRVOGZmdkJQbG8yVXQ2U0dLemc9PSIsInZhbHVlIjoieW1ZYWZKWDFoYXBFRUhucFVGbHZYcDdZbk9qbzd3WmZCNC84UGpPOGpGWC95K2dtQXF2UHRvUGh1Zy9iK1N2UCIsIm1hYyI6ImMwZDYxYTYxZDBkNDQ5NzI5NmRhNzk1Zjg1MTA4YjAyYjZkMzNhZmQyZWZhNjA2ZDdiMWFlMDU2NGE3OTdlY2UiLCJ0YWciOiIifQ==',1),
 (71,21,'projekt','2024-01-11 13:54:11','system','','eyJpdiI6Im8yN004a2FObzVGNlVzck1SVE5XMUE9PSIsInZhbHVlIjoiSmh0RThCZGh1V2VFdXVVZnh6NkFITFdWSmQvVzNxYmZoUUpnOTdFQ1c1RENNZUI2dU91bmtZMW9UNXhWUW1OU0JZVUw2NXBxUE1LMDNNSjRFMUhldFE9PSIsIm1hYyI6IjYwNjQwNDRmZGNjNjMwNTVmNTE3NDMxZGQ5YWI4MTc5OTFmMjFiOTJhMjRlYTkwOWFmODFhN2IxOGEyOGRjMmUiLCJ0YWciOiIifQ==',1),
 (72,22,'projekt','2024-01-11 14:23:41','system','','eyJpdiI6IkhnUXdoNkFMZEExSlRlWFdoWDFML3c9PSIsInZhbHVlIjoiS24wUisxQ0pzNWthTGtjU0lKMmdUNVpxSjJkU2hDNlhmc2lJdCttajFKcz0iLCJtYWMiOiJiNjY2M2MwNDBkYTA1ZDg2NjMzZTBkZDIyNjgyYmRhOWE2M2VjM2E2NjM4MWExZmJmNmRlMDkwYzA5ZTg3N2ExIiwidGFnIjoiIn0=',1),
 (73,22,'projekt','2024-01-11 14:23:47','system','','eyJpdiI6InNZRVIrZXg4enM2M2cyL3FrTVJzTUE9PSIsInZhbHVlIjoiaDhldThucGNoRGxCNDZla2lzdEZ3bUlXZzhLVlduSEdzb1phQW9OckRzWUhxcW5DcUlvQ1NDdU5TSENNaWdlQyIsIm1hYyI6ImViZjYzNGJlNzAyMDEzNDI5ZmNlNjJmNTM3NTBmOTMwMDZkNjM5OWRiOTkwYjJmOWM2MzFjNmFlNTNkYmQ0NDgiLCJ0YWciOiIifQ==',1),
 (74,22,'projekt','2024-01-11 14:23:52','system','','eyJpdiI6IkZJY3B6ZkRDbmMvS0FuUnJtVktwMHc9PSIsInZhbHVlIjoiZ0RJQnRiOVVkMzhpVkdUM0xYK3I5U2t4OUQ5SVFJTFMvV2hZenBndHdNYlJOa1N6aUt2NWx5RXFpaGhudndGMFBWM0hJR0tBVEQxK3J0UUdhc2dXc2c9PSIsIm1hYyI6ImQ0OGRjNGEwYWJlMzk5Nzg4ZDAxZGExZDhhNzc2OGI2ZDMwMGY1NTA3Yzg4ODRlYmRhZWZiMzc3MjcwMmQwYWYiLCJ0YWciOiIifQ==',1),
 (75,5,'projekt','2024-01-11 14:43:53','system','','eyJpdiI6IlpvN1hXUDZCTHZ4elVCclNvcHR6MUE9PSIsInZhbHVlIjoiaFZybFNIR0huSVpiclVFUVNaRllZcmdBSnI5OUszMDhtTytXRlU1a3J6UGo1Ny84YnF1bmRRM2s1U2xmeDdvM0NrVDREUHBMWTFDU0w1Sm41eWFEQU1pa1dCb1JtL09IbFJ1VlREeS81RkU9IiwibWFjIjoiMDBhYTVkOTY4MmViYzRmM2ZkMjU5NmQwNjM4YThlZWE1M2FlNWE4NGU3NmFjOGYzN2M0Zjc0NTYzNDczNDBlZCIsInRhZyI6IiJ9',1),
 (76,4,'projekt','2024-01-11 14:44:05','system','','eyJpdiI6IlJNRE8wWkNTcnhMWTcwRjRscUlxNWc9PSIsInZhbHVlIjoibmdHUzNwZllLZmkyNTVIYVN5ZFBvTTlKUkxGTHBBaFhRQ2RnMUpaSlQ1K1MyaDdKWDNhbTAwcFJWc084bEkvSmRac2FhYmFzSkJCdXBZZ1ZFT3c0Sk8ra1BKNFdxRnBmVGFlZmRibDVDZjg9IiwibWFjIjoiYzAwNjdmZjEwMWIxNGE0Njg1ZjUyZjFiZDJlOTE1MWIyZmQ0MGQ0YTM2ODA2ODNjNzViZjU5Mzk1ZDU1MGIwMiIsInRhZyI6IiJ9',1),
 (77,3,'projekt','2024-01-11 14:44:09','system','','eyJpdiI6Ik82LzFrR096RURPNE9LcGkwS0FIUHc9PSIsInZhbHVlIjoiblVoMHl5bGdKRXF1dFF6WTlYR1lEdHQwSWhKUTdNSFF3OFVuQm9kTkROUzF6ZnZQd3d3VUk4WWkvSzF4Q1piSmRiUjBvMnJvM01nWW0wU1dzMFlFUDF4cEVQVGpxTm1lMlovR2k5c3hlQ0U9IiwibWFjIjoiYzMzMTE5MjBlOWMyODM4NjJkMjA5ZDAwZTJjZTYwOTIwOGExMmQwYTY3MjhiZDhjMDFjYjJhNDkzMTdhNjQ2OCIsInRhZyI6IiJ9',1),
 (78,10,'projekt','2024-01-11 14:44:17','system','','eyJpdiI6IlgxNllFRjBNWUZJNkJON2RaTnZGaFE9PSIsInZhbHVlIjoiWXVwc242bE8xeFpKcVFoY2RjbVRDUi8vUVNMVFhRd0pnczd1cWcrQ3hkejFyajN1NWFZOG10NmNVd1hqYldrWEx3SGNMbHhIaktzaUMvelBiQUZ1U0E9PSIsIm1hYyI6ImFjM2U4Njc4MDk2OTI2MzViNmMyZDdkMGI1OWFhYWI0MTU5ZTE5NTEyNmVmZDYwODFhOTdjNGU1YTQzM2UxYjYiLCJ0YWciOiIifQ==',1),
 (79,8,'projekt','2024-01-11 14:44:40','system','','eyJpdiI6Im1UY2RyNGx0eUNFUW03Z2xXL1RrTHc9PSIsInZhbHVlIjoiMVpta3dQUFVRMGZtVTcxRFJtNUU1QzdoKzBjZDlxb1BtVCt0SXhKQkhjVlllRUQ5ZWNLY2JyajNUMTBvLzE2S1lKdWgxMHprT3luM3Fucm5ieTFiaU56TE1mRlcxbDlZeGVWc2VkN1FPdEE9IiwibWFjIjoiNDBjYTdkZDkzNjgwNWRiZWI2ZmUzODUwMjViOWFkMDgwYmY0Yzc4OTUxM2VkNDQ1NTkzNDdmMGI3NGMzZmIzYiIsInRhZyI6IiJ9',1),
 (80,13,'projekt','2024-01-11 14:44:43','system','','eyJpdiI6IjFxVmpPVXJsb2ZNeWdJMWsyaEVnOXc9PSIsInZhbHVlIjoiaEgxYmZ2UWwzQWdBaHVpa245blg2MG4yV3RzVjBzUm1JNnZLSDBYMkNpWmtQYmpoaFA1YXZSZnlEd1NLQUVrVWFSWkJvZnJDWHNHRHRUVGJFWHhycC9FQUk0cU1tTkVyQVhOb1dzMjdYYlU9IiwibWFjIjoiMTMwOGFhNzdjMDA4NWQ1MThmN2U2YWM5MmY5NjFhY2IyN2VlMDMzZjJlNDM5ODk0NjkzY2JmMjU3ZmY4ZDlhZCIsInRhZyI6IiJ9',1),
 (81,15,'projekt','2024-01-11 14:44:56','system','','eyJpdiI6InB1ZWdzckJxdTNLM2U0eUlTTEJSM0E9PSIsInZhbHVlIjoiK1k3dHoyeVJxZExsR01sZ3dTYmVaK2R0L2RUU1p4bUY1ZVMyKythcS8xQlV1eWR6akRkZG9JT2hBMHVrNWVJUy9RMklZNlJhN0xYWURicDFJOUJlQVVHYVFTWVdyZnlJSGo3TG4xa2pmM009IiwibWFjIjoiNGRlZWNkNjg1N2Y4YmUxNGFhZmI0OGZkNDZkOWY0ZjdlMDEzYmUzN2YwNjJmZDMyZGExMDI4YjI1ZTFhMzQ1ZCIsInRhZyI6IiJ9',1),
 (82,20,'projekt','2024-01-11 14:45:10','system','','eyJpdiI6IlBNWkhoL0wzZzYvcFd0bGhNS2NGWHc9PSIsInZhbHVlIjoicVM5QmppNFBpTUdlZ3AxeGpFaHJMZ25HMllEaVhheGVZRkRRbVQ0YlNlQVorZTlMSituS1FpbmlzYUJWUWRuQWFNTStDdEhUZ3dSYUkwK1I4QzJtaW5VSFd3WmltRytFeEU2SVA0NzNkZjQ9IiwibWFjIjoiZGEwN2YyM2IzZWE3NzllMDMwYjNiZGUzMWYwY2I2NWQwNGU4YTk0Njc4NzQwZGE1NjA4NGU3ZDc2ZGRlYWZjNSIsInRhZyI6IiJ9',1),
 (83,6,'projekt','2024-01-11 14:45:17','system','','eyJpdiI6Im10YkhQSWpmSFM1SGwvRW9rUG5VZUE9PSIsInZhbHVlIjoiU2l4VG5GdGJqZUtLZzZWdHllYUtuc01Ceks1SDk4dklqOWw4azJKNkZOUTdyMXhHeTZVbk00N25nQjBjL2I2ZW41SXZla0Y4RU5hTkV5L2Ewbkt0ZG5zVjRUT2JUemtCZDNWdlJ1NzB2cm89IiwibWFjIjoiNjdjZjIyZmUyZWU0MDIyNzRmZDgwZWM4NTNiMGVlYWIyMDQ1NGE2OGMxOGE4Y2U1YWUzNDQxNjNmYTEyY2E3NyIsInRhZyI6IiJ9',1),
 (84,21,'projekt','2024-01-11 14:45:37','system','','eyJpdiI6IlluQ1J4NFRxZXU1Szh6bnc1VlBFbWc9PSIsInZhbHVlIjoiRXpRanQyYXNmUTd5RnpOMnNZSUgxVU5EOVdqbFVaQWpmVUppWlh6SjMwM1Z3a3AwZllRbDhWNjZpZk1leGE3aDlSaXZuNWU2SUJPZU1RYkZmQmpoOXR5c2dzRndCK3RLM0p0YXJTaG02ZGc9IiwibWFjIjoiYzYxZDNkOGQ4Yjg3MWZkOWExYWVkNGI0OGQwZTcxYzI3OWE4MTE5NjliNzA3NjQ4MjRmZDM0NWRlMDY3MjMxMiIsInRhZyI6IiJ9',1),
 (85,18,'projekt','2024-01-11 14:45:40','system','','eyJpdiI6IkhSZm5wOXRJVCtVYXZ2R2ZQcmFuOUE9PSIsInZhbHVlIjoiSldxaUNja0VBZnJWOGF4NUx4am9Xc1lrUFFVYjYySkVFdFI1U0gzbDJjVEw0QWhPbnBaZjlUdTFaVFgwenF5RFRiV3haVkRmMis1YmRVVERHbG14dTcxRUZNREYrZUhQVlBXeUVDK05xR0k9IiwibWFjIjoiMTg4ODM4YTdmZGVlMTI4ZjdkN2NhMGUzYTNlOGVmMGVjNTBhODY5MGQzN2Q5NmFmOGE2Zjk5MGQ5YTg2MzNmMSIsInRhZyI6IiJ9',1),
 (86,16,'projekt','2024-01-11 14:45:43','system','','eyJpdiI6IkhhcHRIa3lsUGROMHhhcWdjQmNUREE9PSIsInZhbHVlIjoiK2Ird3JoMkNMc0puTWdDL0lwS1RuRnMzU0w3bE9pNTBRRWw3L0dZSFFrc0UxZGhSYzVlaVU1UEJRYXQwY3QvWGRvK0U5M3BEOWdiZy9VWGdtRWZyZ29IVGNuMGNUbEJBbUpzeEVDU2VkZ2M9IiwibWFjIjoiMGEwNjBmNTliYzk0N2ZjOTc2YmM4MmM2N2U5YTJhZTE2ODc2ZWExM2ZjZjE5MjU0OTA5MTU5MmYwOTlhNGRjMiIsInRhZyI6IiJ9',1),
 (87,14,'projekt','2024-01-11 14:45:47','system','','eyJpdiI6IkRaaCtOVithZjE5SWFSNEN1OU5WMlE9PSIsInZhbHVlIjoibXM1VHVoTHF1cU1SUXAybldzY05VYUJNV3dLZUdyZkFjbjBEOTRDVmxBbURiQVBUVjJTalNrblgvU0lsMWh1dW9nM1p5Ulg2YjNGeXZyN0w5TGM1dGc9PSIsIm1hYyI6IjUwZTE1ZTk0MzE0ZjNiYTI0M2Q4YjM3YTk0ZWZmZTE5NTcwOTZmMTljZWEwYmFiNGIwODAwZThiZTMxNjQ2OGMiLCJ0YWciOiIifQ==',1),
 (88,22,'projekt','2024-01-11 15:02:03','system','','eyJpdiI6Ijd1WUl2R2xieUxKeFFKN3dGMUFEaHc9PSIsInZhbHVlIjoiZDZsMkNVcmt2em9HLzBNSjg0QnVPZ1BHc2JRSDdmbnBVbStraWx3QzJoejZXTGs1VVg4N1pTY292R3NwOFIwdEQ0ck5iajZyWlU4QWdYRnBNeitEanhsK0RZakJuYzJpM2tmYWVEbU05VXc9IiwibWFjIjoiYmRkOWRmM2Q0YmMxOTU1OGExYjk1YjFkMTJjYjRkMWVlNmUwZWQzMzM4MDZjMjNlNTE4ODFkM2ZmMGU2OTY4ZSIsInRhZyI6IiJ9',1),
 (89,9,'projekt','2024-01-11 15:02:06','system','','eyJpdiI6IlZoRXFzT0dKeVAxV1RnTDVWTDV4UlE9PSIsInZhbHVlIjoiVFdiMTZqaWdJVXZ3V2hmWUVHVzVSUjE3MWNqQzE4dVZhejBGYm1BbVZ2YnRNSjR3U3FER1NVajBEcXZraHVaSFlKMHNVQ0pDbUdYT0s1QWJhVi92eUFBTVorczRQalEzR1U2TEJpb0hkdFE9IiwibWFjIjoiNDNmNWVkZWFhZjg0YWM1YmQ1MjY1NDE2NzViNmFlNjY1Yjk0YzFjMWZhM2ZmYTEyMzVjYTBjZWYzYzBlZTE5ZSIsInRhZyI6IiJ9',1),
 (90,2,'projekt','2024-01-11 15:02:24','system','','eyJpdiI6Ik1kdS9IQ29vUisyV0JRQzU0cnR5bkE9PSIsInZhbHVlIjoiOW1OMlhrQ0Noa1JHR0hoZE52akFaSTFjT2dQOEIxU0dKQkhRTkVZNW5SSkRvUTZ4L1dEekFJVzVqZWxlb2V5bGtmMURVVVNpMkNzdjJrUmc2bEhtWjFkRTc2Yk5mMjBFaXBNVnZGMjdoK0U9IiwibWFjIjoiNTRjZjA5OGMwNWYyNGRhOWE4ZGMxNTAzZWI1MzFlMzUyNDYxNTAzYmE2NDUyMzQxZmViMmU2OTlhZWYwZWE0NiIsInRhZyI6IiJ9',1),
 (91,1,'projekt','2024-01-11 15:02:27','system','','eyJpdiI6IkR1ZjljZzVhUE5wdEQrdUdZaUlieUE9PSIsInZhbHVlIjoiNFRXQnZQSjIxQlV5Z0NnUHRjZTdWaDhtemowcHQwM0pHNnZIQXNaMUhWU1dJdWwxSDNxMC9yVHliVERwN0I0YkRFV2laOEl0UG9hWS9WTEswL1B1d2JkU0o0blVIMDRBakNNZitLYU9SMTQ9IiwibWFjIjoiMTk2NGYwODQ3YzJiMDMyNjViNjE0Nzc0Y2Y2MGY0ODUxMzhjOTJlYWQ2ZTY5MTg4ODNiNGQ5MmVmOWM5MWE4NSIsInRhZyI6IiJ9',1),
 (92,19,'projekt','2024-01-11 15:44:38','system','','eyJpdiI6IkNiblFOL0plblF6TEltRFBZZkEyWVE9PSIsInZhbHVlIjoiSEdTZElrVnZTc3VCTk40aEYxeW5QZE90VHNXR05qdXZYUGd2R1N3MFFxMktnaVF0Nld3N2RucFRvVlA1RUFxcW4zdkx3bGlxRUpxYUtKQ3VVemgxS0dmWXRDZDNmQ05VVGJ5QkNKdmx0N01SbzZERXFOcDU1RmZpeTlqZTN5dk0iLCJtYWMiOiJlOTVjOWEwZmQ5NzhlYjAwNGJlMTMwZWQ3YTRlZjAyYjM3NmVkMDgxMDBlZWY3OGVkYTBmZDMxNDY5ZTI4ODE1IiwidGFnIjoiIn0=',1),
 (93,19,'projekt','2024-01-11 15:44:54','system','','eyJpdiI6IjFSTitlSXlabFFMYUFtcDd5ck5sV1E9PSIsInZhbHVlIjoiRVBSeUIvSEVIK2VKUFV3SmkvdEdJS00vZW52UUdoUUsvTHpuaEJrbThPazh1cTZkV1NOdm9UNUxzeCtHbmVOZUVNRkhyTjRCZlg0ek55NjVBTzlwNUdxNnQ1ak5RQUtlM3dmZGJOQTVscTFCQ2oySVVtdk9tZDlicVRnb2FSV1oiLCJtYWMiOiI3NmY5NmQyZTU5NmRkY2E2MTkzNTE5MjJlNGM0ZDQzNDg3Njc2ZDhiOGJhZDhhMmRmNjViYzc5NmEwYTcxNWQ2IiwidGFnIjoiIn0=',1),
 (94,23,'projekt','2025-02-04 11:08:42','system','','eyJpdiI6IjFIU2V5WE9xSWZEaFBoeXJlVEZLWVE9PSIsInZhbHVlIjoiMmJVbkwyRTJaaFVxMXJCbDlTZUEwYjRFb1B0Zkt6VXpUZzdhc3NjQkhoQT0iLCJtYWMiOiJiZDEwZWJiMWRiNTRhNzZmYTY0NzIwMmE5ODkwMjFjOTBmYWMxZTA5NmVlNjNkZjBmYjVjN2EyNjdjZjRiNzg4IiwidGFnIjoiIn0=',1),
 (95,23,'projekt','2025-02-04 11:08:47','system','','eyJpdiI6Ijh6NmtPdkExd2VlY1g2S1pNN2tlb2c9PSIsInZhbHVlIjoidjRtc0ZQZVdUYnJtUjh3WE50RmpReXBnS3orb3hTM3RVUHZrMGVzcitQYz0iLCJtYWMiOiIyYTZjYzY2Mjc4N2RmNmQxZDQzZmFmZTU4YWFkZTA2YjVkZDQ3ZWI0M2E5N2EwZTM1YWIwY2QwNDQzZDI0MmIyIiwidGFnIjoiIn0=',1),
 (96,24,'projekt','2025-02-04 12:13:32','system','','eyJpdiI6Ik1rKzNaaThiTDZaOUtTbWg0YWVtK0E9PSIsInZhbHVlIjoiVU5HZVNTY0RGNE9GN0xGbmZPVTFXSVZYb01tbkorOXhyZ0t2TnBhRE1jZz0iLCJtYWMiOiJmZTM4N2ZmZTYzMDc1YzlkOTBhODQzYjIzMzc4MGZkOGY4MjFkN2FhNzUwMjJlNTFhN2E5YmFjNGEyZGU4ZDExIiwidGFnIjoiIn0=',1),
 (97,24,'projekt','2025-02-04 12:13:45','system','','eyJpdiI6Im5Qa1hrRlJ6Y1BlMk5WU09jRlVNaUE9PSIsInZhbHVlIjoidWFQZUFqZzdKcThTOStaZlc0aktidGhpOWVnWVFIUlM3RkNmZmx4NTFkWT0iLCJtYWMiOiJkNTRmYTNhOGRkMmYzNDg3NzIwYTJlYzNkNDcyZmRiMjAzOThkNTc3OWZiNGE3NmE0MDRmNDE1OGUyMTM0MTU2IiwidGFnIjoiIn0=',1),
 (98,25,'projekt','2025-02-04 12:31:31','system','','eyJpdiI6IlNSNGNBSEplL2NmeGRBUlYrQXdoelE9PSIsInZhbHVlIjoiT0pvVm1NWGdkQUQ5NGFmWHRNV1ozN0ZGckhwbWtNbldzMXJYSmxEdVl1TT0iLCJtYWMiOiIzM2U1ZmQ3MDlkMDM3OGM2NWEwOTkzMzIzMDkwMmU1OTUzYTA0ZTU4NDk2MTVlNGI3YWM2ODE2YTRiZGY4M2ZhIiwidGFnIjoiIn0=',1),
 (99,26,'projekt','2025-02-04 12:36:20','system','','eyJpdiI6IkdZTHl6UGtkL0xSWlVQRHFwT3F2Q1E9PSIsInZhbHVlIjoieVA4TnowT1hSZkducUh4YjhMMVlKaFFGaEg1aGw2eVJLRWNwUUc1S0dkcz0iLCJtYWMiOiI4MzU4NTU0NjA0YzI2ZGUzMDEzZjJhZGMwZjhiZjAxZWQxZTE2NThlMDYxN2Y0MGYwNWViZjQxNzYyZTQ0OTI2IiwidGFnIjoiIn0=',1),
 (100,27,'projekt','2025-02-04 12:44:14','system','','eyJpdiI6ImtLTlB0UUNNRjlSUzZMNzhXZGQ0bkE9PSIsInZhbHVlIjoiK1ZXSDNIQ3QyczlzSzU4bXlWNGEvNjV1bEZ6T1ZqdVRzRmdBK3E4YWJYYz0iLCJtYWMiOiIyNjdkNGYwMTQ0OTViMDY5Yjg5NjdkNTQwM2EyODNhNjExYjQ2Y2JiZmM3ZDRlNzg1N2VkOGVmN2FiYjVjYjNmIiwidGFnIjoiIn0=',1),
 (101,26,'projekt','2025-02-04 13:22:12','system','','eyJpdiI6Im9MdGx1OE1HeE1vYlFDdzBucU1XZEE9PSIsInZhbHVlIjoiU1JMYklFN01ZYUhybmowbXNBWkJLWk5QSm80Zm0yMnVSb3RVcE96dXYvWT0iLCJtYWMiOiI1Yzk4MzA5YjM2NTNhMTk2ZWU2ZmU2MDdmYjA3NzJiYTYyZGRkZTYzMDdkZjc5OGE3ZmE2M2I3MGE5N2Y2Yzk1IiwidGFnIjoiIn0=',1),
 (102,28,'projekt','2025-02-04 13:37:06','system','','eyJpdiI6InJYeVNNcmNMdXVxREpVeGFSYStKeGc9PSIsInZhbHVlIjoiS3kyNjZjeVVMRTJOSVd2SE5JckJDTHBwOFB4VC9naktMZm0zS3RMK3NBbz0iLCJtYWMiOiIxYmQyZjE3NWUwNDc2YWExZmFmYzJhYmM2ODMxZDVmYjIxNjM1MTM0OGUxOGM0MmQ3NWE1ZDBjN2ExMGRkMzcyIiwidGFnIjoiIn0=',1),
 (103,28,'projekt','2025-02-04 13:37:35','system','','eyJpdiI6ImdXbFpnKzUycjc5QlE1M3YxVUVvcGc9PSIsInZhbHVlIjoiZm8vUjA1T2F6M2Zlbi9xSExIRmlTa2xkczMySkRmVkZGYzcrOU9KMjlkND0iLCJtYWMiOiJjMzRhNWZhYWNlNzFjNzY3OGQ4NDFiZDkzMGI0YjUzNjQ0MjYwODEzNWJlYWJkMDNkMTY2MTI0Y2Y0YWI2MWJmIiwidGFnIjoiIn0=',1),
 (104,27,'projekt','2025-02-04 13:41:11','system','','eyJpdiI6InZncWRVejlTNEFubTE0cytpR25BM2c9PSIsInZhbHVlIjoiYUtpSW9JVlpTU1ZBODJaOXZxRTlBYUlqT1lKOFNGTG9meUJELzkvcWNBNFQxcEZpU3laNWJHQTk0QmIvYVB1QSIsIm1hYyI6ImYyNDhmZTM3Y2JlZjk5ZDE0ZjA3Mjc1MjUyMTViYTNjZjY3ZWZmYzFmMmZkZjliYmQ0YjRiODUxN2Y2M2QzYmEiLCJ0YWciOiIifQ==',1),
 (105,27,'projekt','2025-02-04 13:41:17','system','','eyJpdiI6ImlqbURGeFF4MzlYdVRmQWJYTGZNUXc9PSIsInZhbHVlIjoiS2RLMGUrQWU5SWM1cHBTNVlLekh5dC95MmRqbi9SOGhCdkNHTDFwQXdlOTlPcWt1bHk2bnhEVzdYL3Y4UWh5a1JXU3pDd2lZRDk5OEt3NHNqVXczZVE9PSIsIm1hYyI6ImRmNzg3YWJjMmY2MGZiMDA2ZGM3YzU1OTRiZjU5YjUzNjZlYzMyYWRlMmY5YTQ5ZWZlZWIzYzEwMjFhMWJmNDkiLCJ0YWciOiIifQ==',1),
 (106,29,'projekt','2025-02-04 14:04:43','system','','eyJpdiI6IlgrSXNLT3V5OHJlU2tBV1BSeEtwc1E9PSIsInZhbHVlIjoiei9xVHNEWkpKUkFndzJCalFxRVdFRDQ5UE9vaUhKTy9wd3ZsTjZLQlBIST0iLCJtYWMiOiJmZDFkZWQ2ZjBjZmQ4NzkxOTFlNzc1MjJlZGQ1NmNjNDkxMjc2N2Q5YmY2OTQwMDY0ZmRhOTU3NWQ3ZWIzZTU4IiwidGFnIjoiIn0=',1),
 (107,30,'projekt','2025-02-04 14:06:53','system','','eyJpdiI6IncwNXUyYUdxcVJTVU5Vd28yUVBISlE9PSIsInZhbHVlIjoiaWlZRXdaWi9Reld5bFdXL0t0cWJxWDNvSEVXK09UcE5ScVQvaTNwcmY3VT0iLCJtYWMiOiJjODY3NDU3OTJmMTUxZmY5ZjE4ODdiODcyOTUyYWE5YjQ2YzhmMTJiOTg5OTY1ZTA1MWVlNDkyNWM2MDJlNmIzIiwidGFnIjoiIn0=',1),
 (108,30,'projekt','2025-02-04 14:07:19','system','','eyJpdiI6InB4OEF1ZDFKRmcwVVNGbGNxMHRpWUE9PSIsInZhbHVlIjoiYWZsVi80T3JZMEdJZVBidjBPY0loV3A3anNlSUJwYXpOSFJjUjF1QVh0eHFrditGMU1Lc2JrMTZTckZSeTNqdiIsIm1hYyI6IjQ4YTUzOTdjOGExOTc1NTRlMWM3MDNlNzQxNDUwZTMzNGEwNDUwZmE4YjJhMmNhNTllMmIxMTExZmIwYzkyNTEiLCJ0YWciOiIifQ==',1),
 (109,30,'projekt','2025-02-04 14:07:24','system','','eyJpdiI6Im9VMmFocU43RmlIc1hlSzBWSmpSdlE9PSIsInZhbHVlIjoienNEMzZlSm5aZFRVeG1UWldiTUtlUXc0RStpbWwraW1KZ3JSZkFJOEp1WHBJbGMyekhyQTJsVE5wNHBvUk5JUEJtMHZtejFTdGdlNTJjU2ZJRWJRdGc9PSIsIm1hYyI6IjE0YzMwMjQ1ZTNiMTZmMWNjNWY0OTUzY2I1ODQzNTUzMjMwMjIzZjU4OGE2MTYxNWVlYzUwNTFhNDNkNDMxZjkiLCJ0YWciOiIifQ==',1),
 (110,25,'projekt','2025-02-04 14:36:09','system','','eyJpdiI6IkhpZVJscHpUTFJMRzR3ZHlQRDJNc1E9PSIsInZhbHVlIjoiekdLU1E0aDRGYldYdUI5d1lGS3NDZ3hkYWJ1YXZsRXRlZ0hhT2p5T01DMD0iLCJtYWMiOiI3NjU2MmExNWRmMGRhYTc3OWZiMGI5YjgxNTZjMzg5YjI4ZmUzYmYxYmJlOTViMDU5Yjg2MDI2MWQ3YWFiZmVjIiwidGFnIjoiIn0=',1);

--
-- Daten für Tabelle `demo__filedata`
--

INSERT INTO `demo__filedata` (`id`,`data`,`diskpath`) VALUES
 (1,NULL,'auslagen/1/f5b653f02fee2b4f4e6d9bc1ee706b1f88cad0e21cc0639c57293704af65ec60.pdf'),
 (2,NULL,'auslagen/2/23fdbe4d1724c492868d4f75059c087d2a3b03e025d1bdb20077a68dcfe0ef9a.pdf'),
 (3,NULL,'auslagen/3/a7b3d6d5e4bafedfe9b74201f18cfd86b1959679ecf391a188878366c83d3a0e.pdf'),
 (4,NULL,'auslagen/4/69b791f374231f3dbfabca6ddc136bb2416428ed3dffd9560c42aad5966a11c0.pdf'),
 (5,NULL,'auslagen/5/9eff2b36eef1333373d59c1cf30d022f70357c92ddfe1eb84a50c531f45f3000.pdf'),
 (6,NULL,'auslagen/6/b527bdcd681545bc6fed68916a4d669dc519ca1083c4f126a683b7a7c06e3a89.pdf'),
 (7,NULL,'auslagen/7/7caec25edf9831ab2845c132a6ee7c389ba613b84de200e94b63e82205821c12.pdf'),
 (8,NULL,'auslagen/8/3aef37969d9f873796e0abee682456bb057c2b8b355ec99f2f2e670987cb77be.pdf'),
 (9,NULL,'auslagen/9/08997ee0c3d31a063cc7cca96387e1242feeac605abc1ccc9773e713c8fbf7b1.pdf'),
 (10,NULL,'auslagen/10/17bd4bbaa9e6f9e906d52850c15c001ce2a4ba963a43911ea83654912e3201e2.pdf'),
 (11,NULL,'auslagen/11/0639254985fdd92e73bb955557767a29a6cc401cccaeffca35fc7b911bf906b2.pdf'),
 (12,NULL,'auslagen/12/b0d84aa0798c24de097833e51c68308a079d03ffe98f4b3db36e24d42e0c5e3e.pdf'),
 (13,NULL,'auslagen/13/4923cecb4e71691018a06976edab7a8a7e70fa52c2812474193401e0d348c37e.pdf'),
 (14,NULL,'auslagen/14/8a78ea4384921d346277788b55f4f42e9c9bd1c6ce674c6baac051d8948059d4.pdf'),
 (15,NULL,'auslagen/15/26b3fc9db21b88c2e12189bccc1866726c5e42829e0df823b33f0355b9abd98a.pdf'),
 (16,NULL,'auslagen/16/8e3227908893d952e3ac90f7cb4d9b7cbf75f2b8d99706b6900fd6a106a30845.pdf'),
 (17,NULL,'auslagen/17/813fd665400de2739727b1f6d780fd5a698f1ddcb8a9f3772da3a655f7436bc6.pdf'),
 (18,NULL,'auslagen/18/99d344afa02dacc4ae47b99642f1ff6ccbe414199c03bf50bae3eaf693e44572.pdf'),
 (19,NULL,'auslagen/19/2de469fecc3481d839f83bc0120779a68ad00523e7fbf8358555e48d92c86a11.pdf'),
 (20,NULL,'auslagen/20/c45f535beb6ba71782d209087e8c71da97d026d307c3d6095f7d86e705c53213.pdf'),
 (21,NULL,'auslagen/21/af35a9411a06524b958c5dc4941ab292b29d8d09191e0216e0d1c50c939ca207.pdf'),
 (22,NULL,'auslagen/22/4ea27f5254878caaa22dda53b24f07bd69f47049feb41afbd4e8abe35c3e48cf.pdf'),
 (23,NULL,'auslagen/23/f82d46764c4499dd4adbd99772761f4c8a49d6ed95a7247a3786da586291d9d1.pdf'),
 (24,NULL,'auslagen/24/95c70accd029d014a5e10286e55e22c1e15f1d6fb708c6d883a9a48e03e7a2cf.pdf'),
 (25,NULL,'auslagen/25/23705713da9a8a8da0c9729d629836e2ae82422c01f8d31c2493fd23577d9a55.pdf'),
 (26,NULL,'auslagen/27/df2f19f33e90857d8206cbaa188cd283abc1b3d304bf4f8359c65c5615b853a1.pdf'),
 (27,NULL,'auslagen/28/57a4bccde8891973916f3c339ced6193f3002ae0dd5d6c607b31bd6b6e69b37b.pdf'),
 (28,NULL,'auslagen/30/188fc497637dc1332b60178f7410856371970d3d0682d42b85b6a01ad19f27f9.pdf'),
 (29,NULL,'auslagen/31/3eba27bdc4bf5d3c0450e3c19d6f37dd521637e533e8ca0ea08230d34d3196c2.pdf'),
 (30,NULL,'auslagen/32/ad3a6724413e58b8331226ae02ac76964e6e328e95a57ee805a8be5cb4ceaae2.pdf'),
 (31,NULL,'auslagen/33/ff67429f11d06ecd43a7d5f028abf08b44afd93b87e77a8ebdf7f1bd08cb5495.pdf'),
 (32,NULL,'auslagen/34/9276f056f62faebecd607d5bcd028f25ad2a8a4ae9f124554f5fca92d313694a.pdf'),
 (33,NULL,'auslagen/35/c47cb04b79a4c4129e611285c62191136305594398e2706584e46603181b05f3.pdf'),
 (34,NULL,'auslagen/36/d8cdc884c857f9ef8186e2e686954e354d1475c5d8bc93374cc6aa48f83540ad.pdf'),
 (35,NULL,'auslagen/29/45700631ecb8eb572dc8a4ee51a38be8868007eb58e6a362bcce6b7201a75c3c.pdf'),
 (36,NULL,'auslagen/37/fc516b4df6ab5e889b2645d6ef9bc60216255d0b9d971334f437ce014d6feebc.pdf'),
 (37,NULL,'auslagen/38/99ae9526ae144b77ff4afbc3b2ef754c7308049ee5594376d2187fe46fa6fe9b.pdf'),
 (38,NULL,'auslagen/39/49595f9ec2c4eb2b64775588c7393b04783d931e225df8b4e4537a9da6fb12f7.pdf'),
 (39,NULL,'auslagen/40/20becd4e4f3819778f060bac38f63e4b67be05afd9e281167c9918205b5e4e3e.pdf'),
 (40,NULL,'auslagen/41/eccdfab3cec8900dd8bc078210e1887a0ad7c1595ab3ae6388a22b42792683a4.pdf'),
 (41,NULL,'auslagen/42/534dc7043a0f9a22377f66c98c267df42e82f3cb18e32698eea98653413bb899.pdf'),
 (42,NULL,'auslagen/43/355e982167a7c00640e914f0160b9ef73ece7d944af2a9e130d152259eff9304.pdf'),
 (43,NULL,'auslagen/44/3cfdcfa4874f7575ab56eea09f95348d1af387f0aaa943ba32476bbc2622917a.pdf'),
 (44,NULL,'auslagen/45/d8a6514c2ea8e9e889f9ab57d786470b4c705e6bbb858632eac15dbe731a5583.pdf'),
 (45,NULL,'auslagen/46/400ae9fa195a25a675e2a3baf94fbab3f2db6ddd74466ac07d61a7042d36871f.pdf'),
 (46,NULL,'auslagen/47/89298e63e19e0a0c115adcebd4b3bf99ea2b9fcbef5cd217c9443cec67f83f2b.pdf'),
 (47,NULL,'auslagen/48/ae91b601d81b25ca5da7b82c87167861e3b24b10d6efaeb8d184f7562015251d.pdf'),
 (48,NULL,'auslagen/49/d8083a0bfabfc90ffb2e88a5308700156cc2688a4a809f8ab424732a30c8c9d9.pdf'),
 (49,NULL,'auslagen/50/05273d406b057392dec4bcd345a6418d65b27118f6f35850c0485cb0d4692d6e.pdf'),
 (50,NULL,'auslagen/51/7b3febd0decb332aa5b2b1dc307915dc48dcfdde3020f5ea3b0d9e91920ccf9d.pdf'),
 (51,NULL,'auslagen/52/9ca9274c74f5a152096e9959d11717f726ba88a1e34f6a7998c248dd63522f85.pdf'),
 (52,NULL,'auslagen/52/3169416a17c6b4200c453ce53d8f146e3a921b208d179c7d5ac3a489235ecb8d.pdf'),
 (53,NULL,'auslagen/52/597248d5f74845e7b68dff0da80c0e9fa6c401e2a5fb2d200b9540fbb1c48352.pdf'),
 (54,NULL,'auslagen/52/e48fc678767afdd0603347ff2e566adc597c98628d88ba760ca2493d90931e08.pdf'),
 (55,NULL,'auslagen/52/e60a7e0cffdb68fe495cc9e9eb106ff399fe31021495e53791e700aba708e034.pdf'),
 (56,NULL,'auslagen/53/00fdd8d0d5453e52b8d071db41c5fb43188a647d51ff09b35cc3207ebdec8585.pdf'),
 (57,NULL,'auslagen/54/f9cefb9d6bed02b38178064eed2fc4256e46e91e408b14f5b263d97631e93d68.pdf'),
 (58,NULL,'auslagen/55/5b220ef890cd13ddb8ae79a6fc1dfa3e58cc53139771a0966c98840d36e79d7b.pdf'),
 (59,NULL,'auslagen/56/3953823ffd91dd7e1e8db8ec762bc83c8041b20f9a7cff8816a2be38117f936e.pdf'),
 (60,NULL,'auslagen/57/be50fa038d545d251f61be1e1c1f16ea2e23c827a967e4a4973c15be240f1899.pdf'),
 (61,NULL,'auslagen/58/e2ae15a3105e4dce387cbc177c068223fb7f2db15235a46ea19cfe02f4e4090b.pdf'),
 (62,NULL,'auslagen/59/3eb651d149275648d2f2682330c095013ca6d66ba6d7eb304f8d826652f4eea0.pdf'),
 (63,NULL,'auslagen/60/6c8d4613c78282b38c8c4d9bf8aea7346e8bd35977abf694bf53df2f3005cc88.pdf'),
 (64,NULL,'auslagen/61/c94bca6da280c7ce85acdf5684bfaff5539fdd91220e822eb4189b54e7e75efb.pdf'),
 (65,NULL,'auslagen/61/fbd9f194e781d2b8b636c6db0fcf16c0004db83f8c042f65eee2520c13c9e7f8.pdf'),
 (66,NULL,'auslagen/62/60dfac25d8bb674502d528643b6bb40227f90954e83b13a5fa2998053dd713bd.pdf'),
 (67,NULL,'auslagen/63/cd598943f18e6e0bf7e12f7c2761c7a31e480e4088b7884abfd54bc14172b3b5.pdf'),
 (68,NULL,'auslagen/64/2342ea76924eaec091e980b6b53cd53e427e1e3209569ad1d021da00184b1802.pdf'),
 (69,NULL,'auslagen/64/0614e13920a886f670bfa67f479bd6455cca27649fb5a42d7ce4da7e49f8509f.pdf'),
 (70,NULL,'auslagen/65/beec0d34241d4bec0d3557f2b52d537d041ccfeadd8853a70d1df5420894801a.pdf'),
 (71,NULL,'auslagen/66/456b85457d755062afc67b18a91fe83d10e245238cc7c5071c9adbc33db04058.pdf'),
 (72,NULL,'auslagen/67/hzz0EukipOQqld1lBUSd0nacp08DsSC161B8RhlG.pdf'),
 (73,NULL,'auslagen/68/GSnuag0QjUxYq7Rc6V4PJoUgu3hn35gT9JwqPlkV.pdf'),
 (74,NULL,'auslagen/69/9lWKhQvrwx4T5UD7770BwGMXerYj5miKX9dRqUsm.pdf'),
 (75,NULL,'auslagen/70/evS8x19TBkvxa19941rnjl95DjsMSQfnLDhCZMUk.pdf'),
 (76,NULL,'auslagen/71/8Lr9RVOAsHq7c49mi9nfbey6hVUtvr6qlJiW3ikB.pdf'),
 (77,NULL,'auslagen/72/EZM7zA3bl4NgOiJ3DhIRfjtIwjNPAtVVcK47a6Tx.pdf'),
 (78,NULL,'auslagen/73/FqTEYkhNSJYRpJ00mJ1JWki7yZGyJBPLthzu3Wbl.pdf'),
 (79,NULL,'auslagen/74/nRtpBYkuRRpyxLklldqFgwG6wznHBFfP0YiIjFlW.pdf'),
 (80,NULL,'auslagen/75/vquMeTQYTFy5vi7oQeVyYbLhcDJHSqmvF0FUJtXe.pdf'),
 (81,NULL,'auslagen/76/JPaXOVnmHLFKSoOk19L7znxUcp4W15mgv0FEFR9i.pdf'),
 (82,NULL,'auslagen/77/j3q18VT5BGqp9gEDt7lbIrHebAsv0j8oZTpN2QfX.pdf'),
 (83,NULL,'auslagen/78/5AW5Dobs24tOKqnbp6UVOUP16aDDPkADw2sRVeZt.pdf'),
 (84,NULL,'auslagen/79/3ECQ6OpRG672S0AP3HftbN5hb69Gw5TB8n38ZwiI.pdf'),
 (85,NULL,'auslagen/80/aDgCBjKJi7FGGmfDQh5gjFcSIw8HeGQo5LC6BsvR.pdf'),
 (86,NULL,'auslagen/81/hh1Q2rc9WiBuWW79kpycRc2qwnIqEKuYdK0xLQ6V.pdf'),
 (87,NULL,'auslagen/82/bZu9xhH5ez01YUiStl7V0YhQNBbX63H4gBT0DpRd.pdf'),
 (88,NULL,'auslagen/82/Oxqfd6D4JPgKEGO4S6hIbwY6kntCkCZuT5Y0sqKB.pdf'),
 (89,NULL,'auslagen/83/uQudyZDow0zcQJlvJoebiOZRLV2iY1XeyCl2WCW3.pdf'),
 (90,NULL,'auslagen/84/AFzvT6zffqngAqLPl340ULSImGDgzgqMPb6VsQsf.pdf'),
 (91,NULL,'auslagen/85/TxL6PxIdkEc5TsLONzw63KTFBLu4p6R9LyUNfAQA.pdf'),
 (92,NULL,'auslagen/86/EpCKiZZ5UybTMvOfTLbRieiLYychWH4Dcnm6g4kh.pdf');

--
-- Daten für Tabelle `demo__fileinfo`
--

INSERT INTO `demo__fileinfo` (`id`,`link`,`added_on`,`hashname`,`filename`,`size`,`fileextension`,`mime`,`encoding`,`data`) VALUES
(1,'1','2023-05-12 09:55:24','f5b653f02fee2b4f4e6d9bc1ee706b1f88cad0e21cc0639c57293704af65ec60','Beleg Platzhalter',34567,'pdf','application/pdf',NULL,1),
(2,'2','2023-08-11 18:19:17','23fdbe4d1724c492868d4f75059c087d2a3b03e025d1bdb20077a68dcfe0ef9a','2023-0821-11042',26652,'pdf','application/pdf',NULL,2),
(3,'3','2023-08-11 18:22:52','a7b3d6d5e4bafedfe9b74201f18cfd86b1959679ecf391a188878366c83d3a0e','2023-1058-11042',26553,'pdf','application/pdf',NULL,3),
(4,'4','2023-08-11 18:25:03','69b791f374231f3dbfabca6ddc136bb2416428ed3dffd9560c42aad5966a11c0','2023-1198-11042',26745,'pdf','application/pdf',NULL,4),
(5,'5','2023-08-11 18:48:36','9eff2b36eef1333373d59c1cf30d022f70357c92ddfe1eb84a50c531f45f3000','2023-1565-11042',26623,'pdf','application/pdf',NULL,5),
(6,'6','2023-08-11 18:51:20','b527bdcd681545bc6fed68916a4d669dc519ca1083c4f126a683b7a7c06e3a89','2023-1912-11042',26563,'pdf','application/pdf',NULL,6),
(7,'7','2023-08-11 19:20:41','7caec25edf9831ab2845c132a6ee7c389ba613b84de200e94b63e82205821c12','Hetzner März',49133,'pdf','application/pdf',NULL,7),
(8,'8','2023-08-11 19:26:49','3aef37969d9f873796e0abee682456bb057c2b8b355ec99f2f2e670987cb77be','Hetzner_2023-05-01_R0015714188',43031,'pdf','application/pdf',NULL,8),
(9,'9','2023-08-11 19:30:52','08997ee0c3d31a063cc7cca96387e1242feeac605abc1ccc9773e713c8fbf7b1','Hetzner_2023-06-01_R0015936696',43425,'pdf','application/pdf',NULL,9),
(10,'10','2023-08-11 19:33:03','17bd4bbaa9e6f9e906d52850c15c001ce2a4ba963a43911ea83654912e3201e2','Hetzner_2023-07-01_R0016161380',43260,'pdf','application/pdf',NULL,10),
(11,'11','2023-08-11 19:36:07','0639254985fdd92e73bb955557767a29a6cc401cccaeffca35fc7b911bf906b2','Hetzner_2023-08-01_R0016430887',43362,'pdf','application/pdf',NULL,11),
(12,'12','2023-08-11 19:49:56','b0d84aa0798c24de097833e51c68308a079d03ffe98f4b3db36e24d42e0c5e3e','A7TLNZ Hackathon Ticket',458673,'pdf','application/pdf',NULL,12),
(13,'13','2023-08-11 19:53:23','4923cecb4e71691018a06976edab7a8a7e70fa52c2812474193401e0d348c37e','Auslagenerstattung Hackathon',629588,'pdf','application/pdf',NULL,13),
(14,'14','2023-08-11 20:05:32','8a78ea4384921d346277788b55f4f42e9c9bd1c6ce674c6baac051d8948059d4','Ilmenau nach Dresden - Google Maps',1411545,'pdf','application/pdf',NULL,14),
(15,'16','2023-08-11 20:16:46','26b3fc9db21b88c2e12189bccc1866726c5e42829e0df823b33f0355b9abd98a','Beleg Exkursion Bosch mit Tabelle',402492,'pdf','application/pdf',NULL,15),
(16,'17','2023-08-11 20:19:20','8e3227908893d952e3ac90f7cb4d9b7cbf75f2b8d99706b6900fd6a106a30845','Beleg Exkursion Bosch mit Tabelle',402492,'pdf','application/pdf',NULL,16),
(17,'18','2023-08-11 20:31:38','813fd665400de2739727b1f6d780fd5a698f1ddcb8a9f3772da3a655f7436bc6','Hier einen geschwärzten Darlehensvertrag vorstellen',37772,'pdf','application/pdf',NULL,17),
(18,'19','2023-08-11 20:32:47','99d344afa02dacc4ae47b99642f1ff6ccbe414199c03bf50bae3eaf693e44572','Hier einen geschwärzten Darlehensvertrag vorstellen',37772,'pdf','application/pdf',NULL,18),
(19,'20','2023-08-11 20:33:47','2de469fecc3481d839f83bc0120779a68ad00523e7fbf8358555e48d92c86a11','Hier einen geschwärzten Darlehensvertrag vorstellen',37772,'pdf','application/pdf',NULL,19),
(20,'21','2023-08-11 20:34:47','c45f535beb6ba71782d209087e8c71da97d026d307c3d6095f7d86e705c53213','Hier einen geschwärzten Darlehensvertrag vorstellen',37772,'pdf','application/pdf',NULL,20),
(21,'22','2023-08-11 20:35:49','af35a9411a06524b958c5dc4941ab292b29d8d09191e0216e0d1c50c939ca207','Hier einen geschwärzten Darlehensvertrag vorstellen',37772,'pdf','application/pdf',NULL,21),
(22,'23','2023-08-11 20:37:27','4ea27f5254878caaa22dda53b24f07bd69f47049feb41afbd4e8abe35c3e48cf','Hier einen geschwärzten Darlehensvertrag vorstellen',37772,'pdf','application/pdf',NULL,22),
(23,'24','2023-08-11 20:46:41','f82d46764c4499dd4adbd99772761f4c8a49d6ed95a7247a3786da586291d9d1','Beleg siehe Kontoauszug',190394,'pdf','application/pdf',NULL,23),
(24,'25','2023-08-11 20:48:46','95c70accd029d014a5e10286e55e22c1e15f1d6fb708c6d883a9a48e03e7a2cf','Beleg siehe Kontoauszug',190394,'pdf','application/pdf',NULL,24),
(25,'26','2023-08-11 20:53:53','23705713da9a8a8da0c9729d629836e2ae82422c01f8d31c2493fd23577d9a55','Beleg siehe Kontoauszug',190394,'pdf','application/pdf',NULL,25),
(26,'28','2023-08-11 20:59:54','df2f19f33e90857d8206cbaa188cd283abc1b3d304bf4f8359c65c5615b853a1','Beleg siehe Kontoauszug',190394,'pdf','application/pdf',NULL,26),
(27,'29','2023-08-11 21:00:53','57a4bccde8891973916f3c339ced6193f3002ae0dd5d6c607b31bd6b6e69b37b','Beleg siehe Kontoauszug',190394,'pdf','application/pdf',NULL,27),
(28,'30','2024-10-01 14:09:21','188fc497637dc1332b60178f7410856371970d3d0682d42b85b6a01ad19f27f9','Beleg Platzhalter',34567,'pdf','application/pdf',NULL,28),
(29,'31','2024-10-16 13:25:44','3eba27bdc4bf5d3c0450e3c19d6f37dd521637e533e8ca0ea08230d34d3196c2','Beleg Platzhalter',34567,'pdf','application/pdf',NULL,29),
(30,'32','2024-10-16 14:09:02','ad3a6724413e58b8331226ae02ac76964e6e328e95a57ee805a8be5cb4ceaae2','Beleg Platzhalter',34567,'pdf','application/pdf',NULL,30),
(31,'33','2024-10-16 14:20:29','ff67429f11d06ecd43a7d5f028abf08b44afd93b87e77a8ebdf7f1bd08cb5495','Beleg Platzhalter',34567,'pdf','application/pdf',NULL,31),
(32,'34','2024-10-16 14:21:50','9276f056f62faebecd607d5bcd028f25ad2a8a4ae9f124554f5fca92d313694a','Beleg Platzhalter',34567,'pdf','application/pdf',NULL,32),
(33,'35','2024-01-11 10:36:10','c47cb04b79a4c4129e611285c62191136305594398e2706584e46603181b05f3','Beleg Platzhalter',34567,'pdf','application/pdf',NULL,33),
(34,'36','2024-01-11 10:46:32','d8cdc884c857f9ef8186e2e686954e354d1475c5d8bc93374cc6aa48f83540ad','Beleg Platzhalter',34567,'pdf','application/pdf',NULL,34),
(35,'37','2024-01-11 10:49:09','45700631ecb8eb572dc8a4ee51a38be8868007eb58e6a362bcce6b7201a75c3c','Beleg Platzhalter',34567,'pdf','application/pdf',NULL,35),
(36,'38','2024-01-11 10:57:03','fc516b4df6ab5e889b2645d6ef9bc60216255d0b9d971334f437ce014d6feebc','Beleg Platzhalter',34567,'pdf','application/pdf',NULL,36),
(37,'39','2024-01-11 10:59:07','99ae9526ae144b77ff4afbc3b2ef754c7308049ee5594376d2187fe46fa6fe9b','Beleg Platzhalter',34567,'pdf','application/pdf',NULL,37),
(38,'40','2024-01-11 11:00:39','49595f9ec2c4eb2b64775588c7393b04783d931e225df8b4e4537a9da6fb12f7','Beleg Platzhalter',34567,'pdf','application/pdf',NULL,38),
(39,'41','2024-01-11 11:01:46','20becd4e4f3819778f060bac38f63e4b67be05afd9e281167c9918205b5e4e3e','Beleg Platzhalter',34567,'pdf','application/pdf',NULL,39),
(40,'42','2024-01-11 11:04:54','eccdfab3cec8900dd8bc078210e1887a0ad7c1595ab3ae6388a22b42792683a4','Beleg Platzhalter',34567,'pdf','application/pdf',NULL,40),
(41,'43','2024-01-11 11:07:14','534dc7043a0f9a22377f66c98c267df42e82f3cb18e32698eea98653413bb899','Beleg Platzhalter',34567,'pdf','application/pdf',NULL,41),
(42,'44','2024-01-11 11:08:20','355e982167a7c00640e914f0160b9ef73ece7d944af2a9e130d152259eff9304','Beleg Platzhalter',34567,'pdf','application/pdf',NULL,42),
(43,'45','2024-01-11 11:09:28','3cfdcfa4874f7575ab56eea09f95348d1af387f0aaa943ba32476bbc2622917a','Beleg Platzhalter',34567,'pdf','application/pdf',NULL,43),
(44,'46','2024-01-11 11:10:33','d8a6514c2ea8e9e889f9ab57d786470b4c705e6bbb858632eac15dbe731a5583','Beleg Platzhalter',34567,'pdf','application/pdf',NULL,44),
(45,'47','2024-01-11 11:11:38','400ae9fa195a25a675e2a3baf94fbab3f2db6ddd74466ac07d61a7042d36871f','Beleg Platzhalter',34567,'pdf','application/pdf',NULL,45),
(46,'48','2024-01-11 11:13:19','89298e63e19e0a0c115adcebd4b3bf99ea2b9fcbef5cd217c9443cec67f83f2b','Beleg Platzhalter',34567,'pdf','application/pdf',NULL,46),
(47,'49','2024-01-11 11:15:57','ae91b601d81b25ca5da7b82c87167861e3b24b10d6efaeb8d184f7562015251d','Beleg Platzhalter',34567,'pdf','application/pdf',NULL,47),
(48,'50','2024-01-11 11:22:22','d8083a0bfabfc90ffb2e88a5308700156cc2688a4a809f8ab424732a30c8c9d9','Beleg Platzhalter',34567,'pdf','application/pdf',NULL,48),
(49,'51','2024-01-11 11:24:17','05273d406b057392dec4bcd345a6418d65b27118f6f35850c0485cb0d4692d6e','Beleg Platzhalter',34567,'pdf','application/pdf',NULL,49),
(50,'52','2024-01-11 13:04:44','7b3febd0decb332aa5b2b1dc307915dc48dcfdde3020f5ea3b0d9e91920ccf9d','Beleg Platzhalter',34567,'pdf','application/pdf',NULL,50),
(51,'53','2024-01-11 13:12:47','9ca9274c74f5a152096e9959d11717f726ba88a1e34f6a7998c248dd63522f85','Beleg Platzhalter',34567,'pdf','application/pdf',NULL,51),
(52,'54','2024-01-11 13:12:47','3169416a17c6b4200c453ce53d8f146e3a921b208d179c7d5ac3a489235ecb8d','Beleg Platzhalter',34567,'pdf','application/pdf',NULL,52),
(53,'55','2024-01-11 13:12:47','597248d5f74845e7b68dff0da80c0e9fa6c401e2a5fb2d200b9540fbb1c48352','Beleg Platzhalter',34567,'pdf','application/pdf',NULL,53),
(54,'56','2024-01-11 13:12:47','e48fc678767afdd0603347ff2e566adc597c98628d88ba760ca2493d90931e08','Beleg Platzhalter',34567,'pdf','application/pdf',NULL,54),
(55,'57','2024-01-11 13:12:47','e60a7e0cffdb68fe495cc9e9eb106ff399fe31021495e53791e700aba708e034','Beleg Platzhalter',34567,'pdf','application/pdf',NULL,55),
(56,'58','2024-01-11 13:16:31','00fdd8d0d5453e52b8d071db41c5fb43188a647d51ff09b35cc3207ebdec8585','Beleg Platzhalter',34567,'pdf','application/pdf',NULL,56),
(57,'59','2024-01-11 13:20:37','f9cefb9d6bed02b38178064eed2fc4256e46e91e408b14f5b263d97631e93d68','Beleg Platzhalter',34567,'pdf','application/pdf',NULL,57),
(58,'60','2024-01-11 13:23:19','5b220ef890cd13ddb8ae79a6fc1dfa3e58cc53139771a0966c98840d36e79d7b','Beleg Platzhalter',34567,'pdf','application/pdf',NULL,58),
(59,'61','2024-01-11 13:36:20','3953823ffd91dd7e1e8db8ec762bc83c8041b20f9a7cff8816a2be38117f936e','Beleg Platzhalter',34567,'pdf','application/pdf',NULL,59),
(60,'62','2024-01-11 13:39:48','be50fa038d545d251f61be1e1c1f16ea2e23c827a967e4a4973c15be240f1899','Beleg Platzhalter',34567,'pdf','application/pdf',NULL,60),
(61,'63','2024-01-11 13:44:51','e2ae15a3105e4dce387cbc177c068223fb7f2db15235a46ea19cfe02f4e4090b','Beleg Platzhalter',34567,'pdf','application/pdf',NULL,61),
(62,'64','2024-01-11 13:56:57','3eb651d149275648d2f2682330c095013ca6d66ba6d7eb304f8d826652f4eea0','Beleg Platzhalter',34567,'pdf','application/pdf',NULL,62),
(63,'65','2024-01-11 14:04:30','6c8d4613c78282b38c8c4d9bf8aea7346e8bd35977abf694bf53df2f3005cc88','Beleg Platzhalter',34567,'pdf','application/pdf',NULL,63),
(64,'66','2024-01-11 14:07:29','c94bca6da280c7ce85acdf5684bfaff5539fdd91220e822eb4189b54e7e75efb','Beleg Platzhalter',34567,'pdf','application/pdf',NULL,64),
(65,'67','2024-01-11 14:07:29','fbd9f194e781d2b8b636c6db0fcf16c0004db83f8c042f65eee2520c13c9e7f8','Beleg Platzhalter',34567,'pdf','application/pdf',NULL,65),
(66,'68','2024-01-11 14:17:07','60dfac25d8bb674502d528643b6bb40227f90954e83b13a5fa2998053dd713bd','Beleg Platzhalter',34567,'pdf','application/pdf',NULL,66),
(67,'69','2024-01-11 14:25:21','cd598943f18e6e0bf7e12f7c2761c7a31e480e4088b7884abfd54bc14172b3b5','Beleg Platzhalter',34567,'pdf','application/pdf',NULL,67),
(68,'70','2024-01-11 14:42:13','2342ea76924eaec091e980b6b53cd53e427e1e3209569ad1d021da00184b1802','Beleg Platzhalter',34567,'pdf','application/pdf',NULL,68),
(69,'71','2024-01-11 14:42:13','0614e13920a886f670bfa67f479bd6455cca27649fb5a42d7ce4da7e49f8509f','Beleg Platzhalter',34567,'pdf','application/pdf',NULL,69),
(70,'72','2024-01-11 14:56:26','beec0d34241d4bec0d3557f2b52d537d041ccfeadd8853a70d1df5420894801a','Beleg Platzhalter',34567,'pdf','application/pdf',NULL,70),
(71,'73','2024-01-11 15:00:58','456b85457d755062afc67b18a91fe83d10e245238cc7c5071c9adbc33db04058','Beleg Platzhalter',34567,'pdf','application/pdf',NULL,71),
(72,'74','2025-02-04 11:11:43','hzz0EukipOQqld1lBUSd0nacp08DsSC161B8RhlG','Beleg Platzhalter',34567,'pdf','application/pdf',NULL,72),
(73,'75','2025-02-04 11:13:16','GSnuag0QjUxYq7Rc6V4PJoUgu3hn35gT9JwqPlkV','noch ein Beleg Platzhalter',35822,'pdf','application/pdf',NULL,73),
(74,'76','2025-02-04 11:14:42','9lWKhQvrwx4T5UD7770BwGMXerYj5miKX9dRqUsm','Beleg Platzhalter',34567,'pdf','application/pdf',NULL,74),
(75,'77','2025-02-04 11:15:46','evS8x19TBkvxa19941rnjl95DjsMSQfnLDhCZMUk','Beleg Platzhalter',34567,'pdf','application/pdf',NULL,75),
(76,'78','2025-02-04 13:23:22','8Lr9RVOAsHq7c49mi9nfbey6hVUtvr6qlJiW3ikB','weiterer Beleg Platzhalter',35821,'pdf','application/pdf',NULL,76),
(77,'79','2025-02-04 13:24:29','EZM7zA3bl4NgOiJ3DhIRfjtIwjNPAtVVcK47a6Tx','weiterer Beleg Platzhalter',35821,'pdf','application/pdf',NULL,77),
(78,'80','2025-02-04 13:25:59','FqTEYkhNSJYRpJ00mJ1JWki7yZGyJBPLthzu3Wbl','noch ein Beleg Platzhalter',35822,'pdf','application/pdf',NULL,78),
(79,'81','2025-02-04 13:27:42','nRtpBYkuRRpyxLklldqFgwG6wznHBFfP0YiIjFlW','noch ein Beleg Platzhalter',35822,'pdf','application/pdf',NULL,79),
(80,'82','2025-02-04 13:29:41','vquMeTQYTFy5vi7oQeVyYbLhcDJHSqmvF0FUJtXe','Beleg Platzhalter',34567,'pdf','application/pdf',NULL,80),
(81,'83','2025-02-04 13:30:50','JPaXOVnmHLFKSoOk19L7znxUcp4W15mgv0FEFR9i','weiterer Beleg Platzhalter',35821,'pdf','application/pdf',NULL,81),
(82,'84','2025-02-04 13:32:16','j3q18VT5BGqp9gEDt7lbIrHebAsv0j8oZTpN2QfX','noch ein Beleg Platzhalter',35822,'pdf','application/pdf',NULL,82),
(83,'85','2025-02-04 13:33:22','5AW5Dobs24tOKqnbp6UVOUP16aDDPkADw2sRVeZt','Beleg Platzhalter',34567,'pdf','application/pdf',NULL,83),
(84,'86','2025-02-04 13:34:23','3ECQ6OpRG672S0AP3HftbN5hb69Gw5TB8n38ZwiI','Beleg Platzhalter',34567,'pdf','application/pdf',NULL,84),
(85,'87','2025-02-04 13:38:56','aDgCBjKJi7FGGmfDQh5gjFcSIw8HeGQo5LC6BsvR','noch ein Beleg Platzhalter',35822,'pdf','application/pdf',NULL,85),
(86,'88','2025-02-04 13:42:36','hh1Q2rc9WiBuWW79kpycRc2qwnIqEKuYdK0xLQ6V','Beleg Platzhalter',34567,'pdf','application/pdf',NULL,86),
(87,'89','2025-02-04 13:45:14','bZu9xhH5ez01YUiStl7V0YhQNBbX63H4gBT0DpRd','Beleg Platzhalter',34567,'pdf','application/pdf',NULL,87),
(88,'90','2025-02-04 13:46:14','Oxqfd6D4JPgKEGO4S6hIbwY6kntCkCZuT5Y0sqKB','noch ein Beleg Platzhalter',35822,'pdf','application/pdf',NULL,88),
(89,'91','2025-02-04 14:26:34','uQudyZDow0zcQJlvJoebiOZRLV2iY1XeyCl2WCW3','Beleg Platzhalter',34567,'pdf','application/pdf',NULL,89),
(90,'92','2025-02-04 14:38:08','AFzvT6zffqngAqLPl340ULSImGDgzgqMPb6VsQsf','Beleg Platzhalter',34567,'pdf','application/pdf',NULL,90),
(91,'93','2025-02-04 15:29:41','TxL6PxIdkEc5TsLONzw63KTFBLu4p6R9LyUNfAQA','Beleg Platzhalter',34567,'pdf','application/pdf',NULL,91),
(92,'94','2025-02-04 15:43:13','EpCKiZZ5UybTMvOfTLbRieiLYychWH4Dcnm6g4kh','noch ein Beleg Platzhalter',35822,'pdf','application/pdf',NULL,92);

--
-- Daten für Tabelle `demo__haushaltsgruppen`
--

INSERT INTO `demo__haushaltsgruppen` (`id`,`hhp_id`,`gruppen_name`,`type`) VALUES
 (1,1,'laufende Einnahmen',0),
 (2,1,'Stura-Dienstleistungen',0),
 (3,1,'Gremienarbeit- und Projekte',0),
 (4,1,'Rückzahlungen und Gebühren',1),
 (5,1,'Ausgaben für Ausstattung',1),
 (6,1,'Stura-Dienstleistungen',1),
 (7,1,'Gremienarbeit- und Projekte',1),
 (8,2,'laufende Einnahmen',0),
 (9,2,'Stura-Dienstleistungen',0),
 (10,2,'Gremienarbeit- und Projekte',0),
 (11,2,'Semesterbeitragszuweisung',0),
 (12,2,'Rückzahlungen und Gebühren',1),
 (13,2,'Ausgaben für Ausstattung',1),
 (14,2,'Stura-Dienstleistungen',1),
 (15,2,'Gremienarbeit- und Projekte',1);

--
-- Daten für Tabelle `demo__haushaltsplan`
--

INSERT INTO `demo__haushaltsplan` (`id`,`von`,`bis`,`state`) VALUES
 (1,'2023-04-01','2024-03-31','final'),
 (2,'2024-04-01',NULL,'final');

--
-- Daten für Tabelle `demo__haushaltstitel`
--

INSERT INTO `demo__haushaltstitel` (`id`,`hhpgruppen_id`,`titel_name`,`titel_nr`,`value`) VALUES
 (1,1,'Semesterbeiträge','E.1.1',100000.00),
 (2,1,'Zinseinnahmen','E.1.2',0.00),
 (3,2,'Theaterfahrten','E.2.1',500.00),
 (4,2,'Exkursionen','E.2.2',500.00),
 (5,3,'Fachschaftsräte','E.3.1',0.00),
 (6,3,'FSR EI','E.3.1.1',0.00),
 (7,3,'FSR IA','E.3.1.2',0.00),
 (8,3,'FSR MB','E.3.1.3',0.00),
 (9,3,'FSR MN','E.3.1.4',0.00),
 (10,3,'FSR WM','E.3.1.5',0.00),
 (11,3,'StuRa-Projekte','E.3.2',0.00),
 (12,3,'Erstiwoche','E.3.3',5000.00),
 (13,4,'Kontogebühren','A.1.1',200.00),
 (14,4,'Angestellte','A.1.2',40000.00),
 (15,4,'Versicherungen','A.1.3',1000.00),
 (16,4,'Transferkonto','A.1.4',0.00),
 (17,5,'Telefon und Faxdienste','A.2.1',50.00),
 (18,5,'Bürobedarf','A.2.2',1000.00),
 (19,5,'Domains und IT-Dienstleistungen','A.2.3',3000.00),
 (20,6,'Theaterfahrten','A.3.1',1000.00),
 (21,6,'Exkursionen','A.3.2',1000.00),
 (22,6,'Zeitungen und Zeitschriften','A.3.3',200.00),
 (23,6,'Veröffentlichungen','A.3.4',500.00),
 (24,7,'Fachschaftsräte','A.4.1',10000.00),
 (25,7,'FSR EI','A.4.1.1',2000.00),
 (26,7,'FSR IA','A.4.1.2',2000.00),
 (27,7,'FSR MB','A.4.1.3',2000.00),
 (28,7,'FSR MN','A.4.1.4',2000.00),
 (29,7,'FSR WM','A.4.1.5',2000.00),
 (30,7,'StuRa-Projekte','A.4.2',30000.00),
 (31,7,'Erstiwoche','A.4.3',20000.00),
 (32,7,'Reisekosten','A.4.4',2000.00),
 (33,7,'Mitgliedsbeiträge','A.4.5',2000.00),
 (34,7,'Gremienwahlen','A.4.6',1000.00),
 (35,7,'Klausurtagung','A.4.7',6000.00),
 (36,9,'Theaterfahrten','E.2.1',50.00),
 (37,9,'Exkursionen','E.2.2',50.00),
 (38,10,'Fachschaftsräte','E.3.1',0.00),
 (39,10,'FSR EI','E.3.1.1',0.00),
 (40,10,'FSR IA','E.3.1.2',0.00),
 (41,10,'FSR MB','E.3.1.3',0.00),
 (42,10,'FSR MN','E.3.1.4',0.00),
 (43,10,'FSR WM','E.3.1.5',0.00),
 (44,10,'StuRa-Projekte','E.3.2',2000.00),
 (45,10,'Erstiwoche','E.3.3',2000.00),
 (46,11,'FSR EI','E.4.1',2000.00),
 (47,11,'FSR IA','E.4.2',2000.00),
 (48,11,'FSR MB','E.4.3',2000.00),
 (49,11,'FSR MN','E.4.4',2000.00),
 (50,11,'FSR WM','E.4.5',2000.00),
 (51,12,'Kontogebühren','A.1.1',250.00),
 (52,12,'Angestellte','A.1.2',51600.00),
 (53,12,'Versicherungen','A.1.3',0.00),
 (54,12,'Transferkonto','A.1.4',0.00),
 (55,13,'Telefon und Faxdienste','A.2.1',50.00),
 (56,13,'Bürobedarf','A.2.2',500.00),
 (57,13,'Domains und IT-Dienstleistungen','A.2.3',1200.00),
 (58,14,'Theaterfahrten','A.3.1',1000.00),
 (59,14,'Exkursionen','A.3.2',1000.00),
 (60,14,'Zeitungen und Zeitschriften','A.3.3',100.00),
 (61,14,'Veröffentlichungen','A.3.4',350.00),
 (62,15,'Fachschaftsräte','A.4.1',10000.00),
 (63,15,'FSR EI','A.4.1.1',2000.00),
 (64,15,'FSR IA','A.4.1.2',2000.00),
 (65,15,'FSR MB','A.4.1.3',2000.00),
 (66,15,'FSR MN','A.4.1.4',2000.00),
 (67,15,'FSR WM','A.4.1.5',2000.00),
 (68,15,'StuRa-Projekte','A.4.2',39400.00),
 (69,15,'Erstiwoche','A.4.3',30000.00),
 (70,15,'Reisekosten','A.4.4',2000.00),
 (71,15,'Mitgliedsbeiträge','A.4.5',0.00),
 (72,15,'Gremienwahlen','A.4.6',2000.00),
 (73,15,'Klausurtagung','A.4.7',4500.00),
 (74,8,'Semesterbeiträge','E1.1',100000.00),
 (75,8,'Zinseinnahmen','E1.2',10.00);

--
-- Daten für Tabelle `demo__konto`
--

INSERT INTO `demo__konto` (`id`,`konto_id`,`date`,`valuta`,`type`,`empf_iban`,`empf_bic`,`empf_name`,`primanota`,`value`,`saldo`,`zweck`,`comment`,`customer_ref`) VALUES
 (1,1,'2023-04-01','2023-04-01','ENTGELTABSCHLUSS','DE86500310001092873001','TRODDEF1XXX','',0,-48.36,53681.82,'Abrechnung 31.03.2023 siehe Anlage','Umsatz gebucht','none'),
 (1,2,'2023-06-14','2023-06-14','BAR-EIN','','','',0,300.00,300.00,'Bargeldeinzahlung Kasse von Konto','',NULL),
 (1,3,'2024-04-10','2024-04-10','BAR-AUS','','','',0,0.00,0.00,'Semesterbeitragszuweisungen FSRs','',NULL),
 (2,1,'2023-04-06','2023-04-06','SEPA LASTSCHRIFT','DE92760700120750007700','DEUTDEMM760','Hetzner Online GmbH',0,-9.85,53730.18,'R0015493652','Umsatz gebucht','none'),
 (2,2,'2023-06-15','2023-06-15','BAR-AUS','','','',0,-250.00,50.00,'Ausgabe Wechselkasse FSR WM','',NULL),
 (3,1,'2023-04-20','2023-04-20','SEPA LASTSCHRIFT','DE56430609672029110800','GENODEM1GLS','Hostsharing eG',0,-90.10,53740.03,'2023-0821-11042','Umsatz gebucht','none'),
 (3,2,'2023-06-17','2023-06-17','BAR-EIN','','','',0,250.00,300.00,'Rückgabe Wechselkasse FSR WM','',NULL),
 (4,1,'2023-05-05','2023-05-05','SEPA LASTSCHRIFT','DE92760700120750007700','DEUTDEMM760','Hetzner Online GmbH',0,-9.85,53830.13,'R0015714188','Umsatz gebucht','none'),
 (4,2,'2023-08-12','2023-08-12','BAR-EIN','','','',0,50.00,350.00,'Einzahlung Eigenanteile Bosch Exkursion','',NULL),
 (5,1,'2023-05-10','2023-05-10','ONLINE-UEBERWEISUNG','DE86500310001092873001','TRODDEF1XXX','A. S.',0,-1000.00,53839.98,'Auszahlung Darlehen A.S.','Umsatz gebucht','none'),
 (5,2,'2023-10-01','2023-10-01','BAR-AUS','','','',0,-64.30,285.70,'Auslagenerstattung Lukas Hackathon','',NULL),
 (6,1,'2023-05-12','2023-05-12','GUTSCHR. UEBERWEISUNG','DE86500310001092873001','TRODDEF1XXX','Open Administration UG (haftungsbeschränkt)',0,42096.52,54839.98,'Semesterbeiträge April SoSe2023','Umsatz gebucht','none'),
 (6,2,'2023-09-30','2023-09-30','BAR-AUS','','','',0,-250.00,35.70,'Vorschuss Einkauf','',NULL),
 (7,1,'2023-05-20','2023-05-20','SEPA LASTSCHRIFT','DE56430609672029110800','GENODEM1GLS','Hostsharing eG',0,-90.00,12743.46,'2023-1058-11042','Umsatz gebucht','none'),
 (7,2,'2023-10-10','2023-10-10','BAR-EIN','','','',0,1200.00,1235.70,'Einnahmen Erstiwoche','',NULL),
 (8,1,'2023-06-07','2023-06-07','SEPA LASTSCHRIFT','DE92760700120750007700','DEUTDEMM760','Hetzner Online GmbH',0,-9.73,12833.46,'R0015936696','Umsatz gebucht','none'),
 (8,2,'2023-10-15','2023-10-15','BAR-EIN','','','',0,1500.00,2735.70,'Einnahmen SAP','',NULL),
 (9,1,'2023-06-13','2023-06-13','GUTSCHR. UEBERWEISUNG','DE86500310001092873001','TRODDEF1XXX','Open Administration UG (haftungsbeschränkt)',0,200.00,12843.19,'Rückzahlung 1. Rate Darlehen','Umsatz gebucht','none'),
 (9,2,'2024-01-25','2024-01-25','BAR-AUS','','','',0,-2435.70,300.00,'Leerung Kasse','',NULL),
 (10,1,'2023-06-14','2023-06-14','KARTENZAHLUNG','DE86500310001092873001','TRODDEF1XXX','',0,-300.00,12643.19,'Geldabhebung','Umsatz gebucht','none'),
 (10,2,'2025-02-01','2025-02-01','BAR-EIN','','','',0,20.00,20.00,'IP-25-27-A83 - Eigenanteil Theaterfahrt Studi1','',NULL),
 (11,1,'2023-06-20','2023-06-20','SEPA LASTSCHRIFT','DE56430609672029110800','GENODEM1GLS','Hostsharing eG',0,-96.32,12943.19,'2023-1198-11042','Umsatz gebucht','none'),
 (11,2,'2025-02-01','2025-02-01','BAR-EIN','','','',0,20.00,40.00,'IP-25-27-A83 - Eigenanteil Theaterfahrt Studi2','',NULL),
 (12,1,'2023-06-22','2023-06-22','GUTSCHR. UEBERWEISUNG','DE86500310001092873001','TRODDEF1XXX','Open Administration UG (haftungsbeschränkt)',0,3501.74,13039.51,'Semesterbeiträge Mai SoSe2023','Umsatz gebucht','none'),
 (12,2,'2025-02-01','2025-02-01','BAR-EIN','','','',0,20.00,60.00,'IP-25-27-A83 - Eigenanteil Theaterfahrt Studi3','',NULL),
 (13,1,'2023-06-24','2023-06-24','ONLINE-UEBERWEISUNG','DE86500310001092873001','TRODDEF1XXX','LWW Bustouristik GmbH',0,-580.00,9537.77,'18769 / 13001','Umsatz gebucht','none'),
 (13,2,'2025-02-01','2025-02-01','BAR-EIN','','','',0,20.00,80.00,'IP-25-27-A83 - Eigenanteil Theaterfahrt Studi4','',NULL),
 (14,1,'2023-07-01','2023-07-01','ENTGELTABSCHLUSS','DE86500310001092873001','TRODDEF1XXX','',0,-62.50,10117.77,'Abrechnung 31.06.2023 siehe Anlage','Umsatz gebucht','none'),
 (14,2,'2025-02-01','2025-02-01','BAR-EIN','','','',0,20.00,100.00,'IP-25-27-A83 - Eigenanteil Theaterfahrt Studi5','',NULL),
 (15,1,'2023-07-06','2023-07-06','SEPA LASTSCHRIFT','DE92760700120750007700','DEUTDEMM760','Hetzner Online GmbH',0,-9.73,10180.27,'R0016161380','Umsatz gebucht','none'),
 (15,2,'2025-02-01','2025-02-01','BAR-EIN','','','',0,20.00,120.00,'IP-25-27-A83 - Eigenanteil Theaterfahrt Studi6','',NULL),
 (16,1,'2023-07-11','2023-07-11','GUTSCHR. UEBERWEISUNG','DE86500310001092873001','TRODDEF1XXX','Open Administration UG (haftungsbeschränkt)',0,200.00,10190.00,'Rückzahlung 2. Rate Darlehen','Umsatz gebucht','none'),
 (16,2,'2025-02-01','2025-02-01','BAR-EIN','','','',0,20.00,140.00,'IP-25-27-A83 - Eigenanteil Theaterfahrt Studi7','',NULL),
 (17,1,'2023-07-20','2023-07-20','SEPA LASTSCHRIFT','DE56430609672029110800','GENODEM1GLS','Hostsharing eG',0,-115.00,9990.00,'2023-1565-11042','Umsatz gebucht','none'),
 (17,2,'2025-02-01','2025-02-01','BAR-EIN','','','',0,20.00,160.00,'IP-25-27-A83 - Eigenanteil Theaterfahrt Studi8','',NULL),
 (18,1,'2023-08-06','2023-08-06','SEPA LASTSCHRIFT','DE92760700120750007700','DEUTDEMM760','Hetzner Online GmbH',0,-9.73,9980.27,'R0016430887','Umsatz gebucht','none'),
 (18,2,'2025-02-01','2025-02-01','BAR-EIN','','','',0,20.00,180.00,'IP-25-27-A83 - Eigenanteil Theaterfahrt Studi9','',NULL),
 (19,1,'2023-08-10','2023-08-10','GUTSCHR. UEBERWEISUNG','DE86500310001092873001','TRODDEF1XXX','Open Administration UG (haftungsbeschränkt)',0,200.00,10180.27,'Rückzahlung 3. Rate Darlehen','Umsatz gebucht','none'),
 (19,2,'2025-02-01','2025-02-01','BAR-EIN','','','',0,20.00,200.00,'IP-25-27-A83 - Eigenanteil Theaterfahrt Studi10','',NULL),
 (20,1,'2023-08-20','2023-08-20','SEPA LASTSCHRIFT','DE56430609672029110800','GENODEM1GLS','Hostsharing eG',0,-95.00,10085.27,'2023-1912-11042','Umsatz gebucht','none'),
 (20,2,'2025-02-01','2025-02-01','BAR-EIN','','','',0,20.00,220.00,'IP-25-27-A83 - Eigenanteil Theaterfahrt Studi11','',NULL),
 (21,1,'2023-09-06','2023-09-06','SEPA LASTSCHRIFT','DE92760700120750007700','DEUTDEMM760','Hetzner Online GmbH',0,-9.73,10075.54,'08/2023','Umsatz gebucht','none'),
 (21,2,'2025-02-01','2025-02-01','BAR-EIN','','','',0,20.00,240.00,'IP-25-27-A83 - Eigenanteil Theaterfahrt Studi12','',NULL),
 (22,1,'2023-09-20','2023-09-20','SEPA LASTSCHRIFT','DE56430609672029110800','GENODEM1GLS','Hostsharing eG',0,-95.00,9980.54,'2023-08','Umsatz gebucht','none'),
 (22,2,'2025-02-01','2025-02-01','BAR-EIN','','','',0,20.00,260.00,'IP-25-27-A83 - Eigenanteil Theaterfahrt Studi13','',NULL),
 (23,1,'2023-09-21','2023-09-21','GUTSCHR. UEBERWEISUNG','DE86500310001092873001','TRODDEF1XXX','Open Administration UG (haftungsbeschränkt)',0,200.00,10180.54,'Rückzahlung 4. Rate Darlehen','Umsatz gebucht','none'),
 (23,2,'2025-02-01','2025-02-01','BAR-EIN','','','',0,20.00,280.00,'IP-25-27-A83 - Eigenanteil Theaterfahrt Studi14','',NULL),
 (24,1,'2023-09-21','2023-09-21','GUTSCHR. UEBERWEISUNG','DE02 1203 0000 0000 2020 51','BYLADEM1001','Transportervermietung',0,-800.00,9380.54,'Erstiwoche 2023 - Miete und Kaution Transporter','Umsatz gebucht',NULL),
 (24,2,'2025-02-01','2025-02-01','BAR-EIN','','','',0,20.00,300.00,'IP-25-27-A83 - Eigenanteil Theaterfahrt Studi15','',NULL),
 (25,1,'2023-09-21','2023-09-21','GUTSCHR. UEBERWEISUNG','DE02500105170137075030','INGDDEFF','Shirtschleuder',0,-957.21,8423.33,'Rechnung 2023-09','Umsatz gebucht',NULL),
 (25,2,'2025-02-01','2025-02-01','BAR-EIN','','','',0,20.00,320.00,'IP-25-27-A83 - Eigenanteil Theaterfahrt Studi16','',NULL),
 (26,1,'2023-09-21','2023-09-21','GUTSCHR. UEBERWEISUNG','DE02 1203 0000 0000 2020 51','BYLADEM1001','Happyshops GmbH',0,-750.00,7673.33,'Spiele EGN - Rechnung 123','Umsatz gebucht',NULL),
 (26,2,'2025-02-01','2025-02-01','BAR-EIN','','','',0,20.00,340.00,'IP-25-27-A83 - Eigenanteil Theaterfahrt Studi17','',NULL),
 (27,1,'2023-10-01','2023-10-01','ENTGELTABSCHLUSS','DE86500310001092873001','TRODDEF1XXX','',0,-62.50,7610.83,'Abrechnung 31.09.2023 siehe Anlage','Umsatz gebucht','none'),
 (27,2,'2025-02-01','2025-02-01','BAR-EIN','','','',0,20.00,360.00,'IP-25-27-A83 - Eigenanteil Theaterfahrt Studi18','',NULL),
 (28,1,'2023-10-06','2023-10-06','SEPA LASTSCHRIFT','DE92760700120750007700','DEUTDEMM760','Hetzner Online GmbH',0,-9.73,7601.10,'R0016161381','Umsatz gebucht','none'),
 (28,2,'2025-02-01','2025-02-01','BAR-EIN','','','',0,20.00,380.00,'IP-25-27-A83 - Eigenanteil Theaterfahrt Studi19','',NULL),
 (29,1,'2023-10-06','2023-10-06','SEPA LASTSCHRIFT','DE02 1203 0000 0000 2020 51','BYLADEM1001','Domainhoster',0,-17.00,7584.10,'FSR Domains - Rechnung Domainhoster 1234','Umsatz gebucht','none'),
 (29,2,'2025-02-01','2025-02-01','BAR-EIN','','','',0,20.00,400.00,'IP-25-27-A83 - Eigenanteil Theaterfahrt Studi20','',NULL),
 (30,1,'2023-10-10','2023-10-10','GUTSCHR.','DE02 1203 0000 0000 2020 51','BYLADEM1001','Rückzahlung Darlehen',0,200.00,7784.10,'Rückzahlung 5. Rate','Umsatz gebucht','none'),
 (30,2,'2025-02-01','2025-02-01','BAR-EIN','','','',0,20.00,420.00,'IP-25-27-A83 - Eigenanteil Theaterfahrt Studi21','',NULL),
 (31,1,'2023-10-11','2023-10-11','GUTSCHR. UEBERWEISUNG','DE86500310001092873001','TRODDEF1XXX','Open Administration UG (haftungsbeschränkt)',0,29580.30,37364.40,'Semesterbeiträge Oktober WiSe2023','Umsatz gebucht','none'),
 (31,2,'2025-02-01','2025-02-01','BAR-EIN','','','',0,20.00,440.00,'IP-25-27-A83 - Eigenanteil Theaterfahrt Studi22','',NULL),
 (32,1,'2023-10-15','2023-10-15','GUTSCHR. UEBERWEISUNG','DE02 5001 0517 0137 0750 30','INGDDEFF','Künstler XY',0,-1800.00,35564.40,'Rechnung 2023-10','Umsatz gebucht','none'),
 (32,2,'2025-02-01','2025-02-01','BAR-EIN','','','',0,20.00,460.00,'IP-25-27-A83 - Eigenanteil Theaterfahrt Studi23','',NULL),
 (33,1,'2023-10-15','2023-10-15','GUTSCHR. UEBERWEISUNG','DE02 5001 0517 0137 0750 30','INGDDEFF','Studiname XY',0,-10.00,35554.40,'Semesterbeitragsrückerstattung StuRa','Umsatz gebucht','none'),
 (33,2,'2025-02-01','2025-02-01','BAR-EIN','','','',0,20.00,480.00,'IP-25-27-A83 - Eigenanteil Theaterfahrt Studi24','',NULL),
 (34,1,'2023-10-15','2023-10-15','GUTSCHR. UEBERWEISUNG','DE02 5001 0517 0137 0750 30','INGDDEFF','Studiname XYZ',0,-10.00,35544.40,'Semesterbeitragsrückerstattung StuRa','Umsatz gebucht','none'),
 (34,2,'2025-02-01','2025-02-01','BAR-EIN','','','',0,20.00,500.00,'IP-25-27-A83 - Eigenanteil Theaterfahrt Studi25','',NULL),
 (35,1,'2023-10-15','2023-10-15','GUTSCHR. UEBERWEISUNG','DE02 5001 0517 0137 0750 30','INGDDEFF','Studiname AB',0,-10.00,35534.40,'Semesterbeitragsrückerstattung StuRa','Umsatz gebucht','none'),
 (36,1,'2023-10-15','2023-10-15','GUTSCHR. UEBERWEISUNG','DE02 5001 0517 0137 0750 30','INGDDEFF','Studiname ABC',0,-10.00,35524.40,'Semesterbeitragsrückerstattung StuRa','Umsatz gebucht','none'),
 (37,1,'2023-10-15','2023-10-15','GUTSCHR. UEBERWEISUNG','DE02 5001 0517 0137 0750 30','INGDDEFF','Studiname CD',0,-10.00,35514.40,'Semesterbeitragsrückerstattung StuRa','Umsatz gebucht','none'),
 (38,1,'2023-10-15','2023-10-15','GUTSCHR. UEBERWEISUNG','DE02 3002 0900 0106 5310 65','CMCIDEDD','Unternehmen XY',0,-600.00,34914.40,'Rechnung 21650560','Umsatz gebucht','none'),
 (39,1,'2023-10-15','2023-10-15','GUTSCHR. UEBERWEISUNG','DE02 2005 0550 1015 8713 93','HASPDEHH','Stadt Ilmenau',0,-150.00,34764.40,'Bescheid vom XYZ','Umsatz gebucht','none'),
 (40,1,'2023-10-20','2023-10-20','SEPA LASTSCHRIFT','DE56430609672029110800','GENODEM1GLS','Hostsharing eG',0,-95.00,34669.40,'2023-09','Umsatz gebucht','none'),
 (41,1,'2023-11-06','2023-11-06','SEPA LASTSCHRIFT','DE92760700120750007700','DEUTDEMM760','Hetzner Online GmbH',0,-9.73,34659.67,'Rechnung 10/2023','Umsatz gebucht','none'),
 (42,1,'2023-11-16','2023-11-16','SEPA LASTSCHRIFT','DE02 2005 0550 1015 8713 93','HASPDEHH','Jugendherberge',0,-4400.00,30259.67,'Rechnung 2023-11-132','Umsatz gebucht','none'),
 (43,1,'2023-11-16','2023-11-16','SEPA LASTSCHRIFT','DE02 2005 0550 1015 8713 93','HASPDEHH','Busunternehmen',0,-850.00,29409.67,'Busrechnung Nr. 2\r\n','Umsatz gebucht','none'),
 (44,1,'2023-11-18','2023-11-18','GUTSCHR. UEBERWEISUNG','DE86500310001092873001','TRODDEF1XXX','Open Administration UG (haftungsbeschränkt)',0,15667.24,45076.91,'Semesterbeiträge November WiSe2023','Umsatz gebucht','none'),
 (45,1,'2023-11-20','2023-11-20','SEPA LASTSCHRIFT','DE56430609672029110800','GENODEM1GLS','Hostsharing eG',0,-95.00,44981.91,'2023-10','Umsatz gebucht','none'),
 (46,1,'2023-12-06','2023-12-06','SEPA LASTSCHRIFT','DE92760700120750007700','DEUTDEMM760','Hetzner Online GmbH',0,-9.73,44972.18,'Rechnung 11/2023','Umsatz gebucht','none'),
 (47,1,'2023-12-20','2023-12-20','SEPA LASTSCHRIFT','DE56430609672029110800','GENODEM1GLS','Hostsharing eG',0,-95.00,44877.18,'2023-11','Umsatz gebucht','none'),
 (48,1,'2023-12-23','2023-12-23','GUTSCHR. UEBERWEISUNG','DE02 5001 0517 0137 0750 30','INGDDEFF','DJ',0,-1200.00,43677.18,'DJ Rechnung A','Umsatz gebucht','none'),
 (49,1,'2023-12-23','2023-12-23','GUTSCHR. UEBERWEISUNG','DE02 1001 0010 0006 8201 01','PBNKDEFF','Studierendenwerk Thüringen',0,-500.00,43177.18,'Rechnung 22-11-34','Umsatz gebucht','none'),
 (50,1,'2023-12-23','2023-12-23','GUTSCHR. UEBERWEISUNG','DE02 1001 0010 0006 8201 01','PBNKDEFF','Mustermensch',0,-2350.00,40827.18,'Auslagenerstattung 61','Umsatz gebucht','none'),
 (51,1,'2024-01-01','2024-01-01','ENTGELTABSCHLUSS','DE86500310001092873001','TRODDEF1XXX','',0,-48.36,40778.82,'Abrechnung 31.12.2023 siehe Anlage','Umsatz gebucht','none'),
 (52,1,'2024-01-05','2024-01-05','Zinsen','DE86500310001092873001','TRODDEF1XXX','',0,0.12,40778.94,'Zinsen siehe Anlage','Umsatz gebucht','none'),
 (53,1,'2024-01-06','2024-01-06','SEPA LASTSCHRIFT','DE92760700120750007700','DEUTDEMM760','Hetzner Online GmbH',0,-9.73,40769.21,'Rechnung 12/2023','Umsatz gebucht','none'),
 (54,1,'2024-01-12','2024-01-12','GUTSCHR. UEBERWEISUNG','DE02 1001 0010 0006 8201 01','PBNKDEFF','StudiClub e.V.',0,-15000.00,25769.21,'Kulturförderung','Umsatz gebucht','none'),
 (55,1,'2024-01-20','2024-01-20','SEPA LASTSCHRIFT','DE56430609672029110800','GENODEM1GLS','Hostsharing eG',0,-95.00,25674.21,'2023-12','Umsatz gebucht','none'),
 (56,1,'2024-01-25','2024-01-25','SEPA LASTSCHRIFT','DE02120300000000202051	','BYLADEM1001','Lohnbüro',0,-4300.00,21374.21,'2024-01','Umsatz gebucht','none'),
 (57,1,'2024-01-25','2024-01-25','Bareinzahlung','DE86500310001092873001','TRODDEF1XXX','',0,2435.70,23809.91,'Bareinzahlung vom 25.01.2024','Umsatz gebucht','none'),
 (58,1,'2024-02-20','2024-02-20','SEPA LASTSCHRIFT','DE56430609672029110800','GENODEM1GLS','Hostsharing eG',0,-95.00,23714.91,'2024-01','Umsatz gebucht','none'),
 (59,1,'2024-02-25','2024-02-25','SEPA LASTSCHRIFT','DE02120300000000202051	','BYLADEM1001','Lohnbüro',0,-4300.00,19414.91,'2024-02','Umsatz gebucht','none'),
 (60,1,'2024-03-20','2024-03-20','SEPA LASTSCHRIFT','DE56430609672029110800','GENODEM1GLS','Hostsharing eG',0,-95.00,19319.91,'2024-02','Umsatz gebucht','none'),
 (61,1,'2024-03-25','2024-03-25','SEPA LASTSCHRIFT','DE02120300000000202051	','BYLADEM1001','Lohnbüro',0,-4300.00,15019.91,'2024-03','Umsatz gebucht','none'),
 (62,1,'2024-04-01','2024-04-01','ENTGELTABSCHLUSS','DE02500105170137075030','INGDDEFF','',0,-50.00,14969.91,'Abrechnung 31.03.2024 siehe Anlage','Umsatz gebucht','none'),
 (63,1,'2024-04-10','2024-04-10','GUTSCHR. UEBERWEISUNG','DE02500105170137075030','INGDDEFF','Open Administration',0,50030.09,65000.00,'Semesterbeitraege Sommersemester','Umsatz gebucht','none'),
 (64,1,'2024-04-15','2024-04-15','GUTSCHR. UEBERWEISUNG','DE02500105170137075030','INGDDEFF','Hostsharing',0,-80.00,64920.00,'IP-25-26-A71 - April - Hosting','Umsatz gebucht','none'),
 (65,1,'2024-05-15','2024-05-15','GUTSCHR. UEBERWEISUNG','DE02500105170137075030','INGDDEFF','Hostsharing',0,-80.00,64840.00,'IP-25-26-A72 - Mai - Hosting','Umsatz gebucht','none'),
 (66,1,'2024-06-17','2024-06-17','GUTSCHR. UEBERWEISUNG','DE02500105170137075030','INGDDEFF','Hostsharing',0,-80.00,64750.00,'IP-25-26-A73 - Juni - Hosting','Umsatz gebucht','none'),
 (67,1,'2024-07-01','2024-07-01','ENTGELTABSCHLUSS','DE02500105170137075030','INGDDEFF','',0,-52.00,64708.00,'Abrechnung 31.06.2024 siehe Anlage','Umsatz gebucht','none'),
 (68,1,'2024-07-15','2024-07-15','GUTSCHR. UEBERWEISUNG','DE02500105170137075030','INGDDEFF','Hostsharing',0,-80.00,64628.00,'IP-25-26-A74 - Juli - Hosting','Umsatz gebucht','none'),
 (69,1,'2024-08-15','2024-08-15','GUTSCHR. UEBERWEISUNG','DE02500105170137075030','INGDDEFF','Hostsharing',0,-80.00,64548.00,'IP-25-26-A75 - August - Hosting','Umsatz gebucht','none'),
 (70,1,'2024-09-05','2024-09-05','GUTSCHR. UEBERWEISUNG','DE02500105170137075030','INGDDEFF','Bürobedarf Onlineshop',0,-150.00,64468.00,'IP-25-28-A80 - Einkauf - Anschaffung Büromaterial','Umsatz gebucht','none'),
 (71,1,'2024-09-16','2024-09-16','GUTSCHR. UEBERWEISUNG','DE02500105170137075030','INGDDEFF','Hostsharing',0,-80.00,64388.00,'IP-25-26-A76 - September - Hosting','Umsatz gebucht','none'),
 (72,1,'2024-10-01','2024-10-01','ENTGELTABSCHLUSS','DE02500105170137075030','INGDDEFF','',0,-53.00,64335.00,'Abrechnung 30.09.2024 siehe Anlage','Umsatz gebucht','none'),
 (73,1,'2024-10-10','2024-10-10','GUTSCHR. UEBERWEISUNG','DE02500105170137075030','INGDDEFF','StuRa',0,45000.00,109335.00,'Semesterbeitraege Wintersemester','Umsatz gebucht','none'),
 (74,1,'2024-10-15','2024-10-15','GUTSCHR. UEBERWEISUNG','DE02500105170137075030','INGDDEFF','Hostsharing',0,-80.00,109255.00,'IP-25-26-A77 - Oktober - Hosting','Umsatz gebucht','none'),
 (75,1,'2024-11-15','2024-11-15','GUTSCHR. UEBERWEISUNG','DE02500105170137075030','INGDDEFF','Hostsharing',0,-80.00,109175.00,'IP-25-26-A78 - November - Hosting','Umsatz gebucht','none');

--
-- Daten für Tabelle `demo__konto_bank`
--

INSERT INTO `demo__konto_bank` (`id`,`url`,`blz`,`name`) VALUES
 (1,'https://hbci11.fiducia.de/cgi-bin/hbciservlet',50031000,'Triodos Bank Deutschland'),
 (2,'https://hbci11.fiducia.de/cgi-bin/hbciservlet',79330111,'Bankhaus Max Flessa KG (Flessabank)');

--
-- Daten für Tabelle `demo__konto_credentials`
--

INSERT INTO `demo__konto_credentials` (`id`,`name`,`bank_id`,`owner_id`,`bank_username`,`tan_mode`,`tan_mode_name`,`tan_medium_name`) VALUES
(1,'Test',1,4,'dgdf',NULL,NULL,NULL),
(2,'Test',2,4,'test',NULL,NULL,NULL);

--
-- Daten für Tabelle `demo__konto_type`
--

INSERT INTO `demo__konto_type` (`id`,`name`,`short`,`sync_from`,`sync_until`,`iban`,`last_sync`,`csv_import_settings`,`manually_enterable`) VALUES
 (1,'Girokonto','Z',NULL,NULL,NULL,NULL,'{}',0),
 (2,'Bargeldkasse','K',NULL,NULL,NULL,NULL,'{}',1),
 (3,'Transferkonto','T',NULL,NULL,NULL,NULL,'{}',1);

--
-- Daten für Tabelle `demo__projekte`
--

INSERT INTO `demo__projekte` (`id`,`creator_id`,`createdat`,`lastupdated`,`version`,`state`,`stateCreator_id`,`name`,`responsible`,`org`,`org-mail`,`protokoll`,`recht`,`recht-additional`,`date-start`,`date-end`,`beschreibung`) VALUES
(1,1,'2023-05-12 09:32:34','2024-01-11 15:02:27',6,'terminated',1,'Semesterbeiträge','michelle.storandt','Studierendenrat (StuRa)','',NULL,'andere','Haushaltsplan','2023-04-01','2024-03-31',NULL),
(2,2,'2023-04-04 00:00:00','2024-01-11 15:02:24',8,'terminated',1,'Hosting',NULL,'Referat IT','',NULL,'andere','Haushaltsplan','2023-04-01','2024-03-31',NULL),
(3,3,'2023-07-25 00:00:00','2024-01-11 14:44:09',9,'terminated',1,'Hackathon Dresden','lukas','Fachschaftsrat IA','',NULL,'stura','2023-08-03-F01','2023-08-05','2023-08-07','Für die überregionale Vernetzung unter den IT-lern sowie zum Ausbau der IT-Infrastruktur soll ein Hackathon stattfinden. An diesem nehmen ausschließlich ehrenamtlich Aktive teil. Der Hackathon soll vom 5.8.22 bis 7.8.22 in Dresden stattfinden. Es ist noch unklar,ob die Kosten für die Unterkunft benötigt werden.'),
(4,3,'2023-08-11 19:44:28','2024-01-11 14:44:05',5,'terminated',1,'Hackathon Thüringen','lukas','Fachschaftsrat IA','',NULL,NULL,NULL,'2023-10-28','2023-11-13','Wir wollen erneut einen Hackathon organisieren. Dieses Mal soll er in Thüringen stattfinden. Es ist noch nicht genau geplant,an welchem Wochenende dies passieren soll,aber es gibt schon zwei Terminvorschläge (28.-30.10.22 oder 11.-13.11.22). Da es inzwischen das 9 EURO-Ticket nicht mehr geben wird,werden die Fahrtkosten höher ausfallen. Der Ort ist noch unbekannt. Aktuell wird Jena präferiert.'),
(5,2,'2023-04-01 00:00:00','2024-01-11 14:43:53',7,'terminated',1,'Exkursion zu Bosch','michelle','Fachschaftsrat EI','',NULL,'stura','2023-04-13-F01','2023-05-31','2023-08-31','Wir planen eine Exkursion am 23.06.22 in das Bosch-Werk in Eisenach. Dort wird Sensorik und Elektrik gefertigt. Die Exkursion bietet Einblicke in den Musterbau,also Forschung und Entwicklung ebendieser Teile. Der Fokus für diese Exkursion liegt dabei bei den Studiengängen Mikro- und Nanotechnologie und Leistungselektronik,aber auch für Studierende aus anderen Studiengängen kann die Exkursion interessant sein. \r\nDazu beantragen wir 655€ für die Fahrtkosten. Dies kommt dadurch zustande,dass das günstigste Angebot in Höhe von 580€ am 7.6. ausläuft. Die Preise der weiteren Angebote können erfragt werden oder im Protokoll im Abschnitt 2.2 Exkursionen nachgelesen werden.\r\nDie Teilnehmerzahl ist auf 18 Personen beschränkt.'),
(6,2,'2023-04-09 00:00:00','2024-01-11 14:45:17',6,'terminated',1,'Darlehen A.S.','michelle','Referat Soziales','',NULL,'stura','2023-04-13-F02','2023-05-01','2023-10-30','Die Person benötigt ein Sozialdarlehen. Die Rückzahlung ist aus Sicht des Referat Soziales und des Referat Finanzens gesichert. Genauere Informationen gibt es auf der Sitzung.'),
(7,2,'2023-08-11 20:39:23','2024-10-16 13:22:43',5,'revoked',1,'Erstiwoche 2023','lukas','Studierendenrat (StuRa)','',NULL,'stura',NULL,'2023-10-02','2023-10-09',NULL),
(8,2,'2023-08-11 20:41:32','2024-01-11 14:44:40',5,'terminated',1,'Kontoführungsgebühren',NULL,'Referat Finanzen','',NULL,'andere','Haushaltsplan','2023-04-01','2024-03-31',NULL),
(9,2,'2023-04-01 00:00:00','2024-01-11 15:02:06',5,'terminated',1,'Umbuchungen Konto-Kasse','michelle','Referat Finanzen','',NULL,'andere','Haushaltsplan','2023-04-01','2024-03-31',NULL),
(10,2,'2023-08-11 20:58:07','2024-01-11 14:44:17',6,'terminated',1,'Fachschaftsparty',NULL,'Fachschaftsrat WM','',NULL,'fsr-ref',NULL,'2023-06-15','2023-06-16','Um den FSR unter den Studierenden bekannter zu machen,veranstalten wir eine Party. Zum anlocken vieler Interessierter soll es ein Fass Freibier geben.'),
(11,4,'2023-11-23 16:03:00','2024-01-11 12:59:30',4,'revoked',4,'Sitzungsgeld','mensch','Senat','',NULL,NULL,NULL,'2023-11-08','2023-11-25','Wir möchten Geld,weil unsere Arbeit so stressig ist und die anderen Mitglieder im Senat auch für ihre Tätigkeit kompensiert werden.'),
(12,2,'2023-11-23 16:09:00','2024-01-11 13:00:30',8,'terminated',2,'Sommerfest','mensch','Fachschaftsrat EI','',NULL,'stura',NULL,'2023-11-09','2023-11-16',NULL),
(13,2,'2023-11-23 16:21:04','2024-01-11 14:44:43',7,'terminated',1,'Bürobedarf','mensch','Promovierendenvertretung','',NULL,'buero',NULL,'2023-11-08','2023-11-08',NULL),
(14,4,'2023-11-23 16:33:29','2024-01-11 14:45:47',11,'terminated',1,'Semesteranfangsparty','service','Studierendenrat (StuRa)','',NULL,'stura',NULL,'2023-03-01','2024-02-28',NULL),
(15,2,'2023-11-23 16:36:02','2024-01-11 14:44:56',7,'terminated',1,'Domain','antraggestellt','Referat IT','',NULL,NULL,NULL,'2023-11-07','2023-11-25',NULL),
(16,3,'2023-11-23 16:48:53','2024-01-11 14:45:43',9,'terminated',1,'Erstiwoche 2023','erstiwoche','Studierendenrat (StuRa)','','https://www.youtube.com/watch?v=dQw4w9WgXcQ','stura','XYZ123','2023-10-01','2023-10-09',NULL),
(17,4,'2024-01-11 00:00:00','2024-01-11 15:44:08',10,'terminated',4,'Pizza','abc','Referat Finanzen','','angenommen',NULL,NULL,'2024-11-13','2024-11-13',NULL),
(18,4,'2024-01-11 00:00:00','2024-01-11 15:43:22',9,'terminated',1,'Klausurtagung','max.muster','Studierendenrat (StuRa)','',NULL,'stura','2023-10-12','2023-11-11','2024-01-11','Klausurtagung für viele Menschen in StuRa und für alle anderen stud. Vertreter:innen zum Austausch sowie der Weiterbildung'),
(19,1,'2024-01-11 00:00:00','2024-01-11 15:44:54',8,'revoked',1,'Spenden',NULL,'Promovierendenvertretung','',NULL,NULL,NULL,'2023-12-27','2023-12-27',NULL),
(20,1,'2024-01-11 00:00:00','2024-01-11 15:43:40',7,'terminated',1,'Kulturförderung Veranstaltungswoche Studiclub e.V.','mensch','Referat Kultur','',NULL,'stura','StuRa Beschluss vom 2023-10-12','2024-12-04','2024-12-10',NULL),
(21,1,'2024-01-11 00:00:00','2024-01-11 15:42:59',7,'terminated',1,'dekadente Weihnachtsfeier','vorstand','Studierendenrat (StuRa)','',NULL,'stura','Beschluss vom 2023-11-12','2023-12-14','2023-12-14',NULL),
(22,1,'2024-01-11 00:00:00','2024-01-11 15:43:52',7,'terminated',1,'Anstellungen','vorstand','Referat Finanzen','',NULL,'stura','StuRa Beschluss vom 2023-12-14','2024-01-01','2024-03-31',NULL),
(23,6,'2024-04-04 11:08:35','2025-02-04 11:11:57',5,'done-other',6,'Kontoführung','michelle','Referat Finanzen','',NULL,'andere','laufende Verbindlichkeit','2024-04-01','2025-03-31',NULL),
(24,6,'2024-04-04 12:13:27','2025-02-04 15:28:15',6,'done-other',6,'Semesterbeiträge','michelle','Referat Finanzen','',NULL,'andere','laufende Einnahmen','2024-04-01','2025-03-31',NULL),
(25,6,'2024-04-04 12:31:24','2025-02-04 14:36:09',5,'done-other',6,'Semesterbeitragszuweisungen FSRs','michelle','Studierendenrat (StuRa)','',NULL,'andere','gem. Haushaltsplan','2024-04-01','2025-03-31',NULL),
(26,6,'2024-04-04 12:35:13','2025-02-04 13:22:12',4,'done-other',6,'Hosting','michelle','Referat IT','',NULL,'andere','laufende Kosten','2024-04-01','2025-03-31',NULL),
(27,6,'2024-04-04 12:39:59','2025-02-04 13:41:17',8,'ok-by-stura',6,'Theaterfahrt','michelle','Referat Kultur','',NULL,'stura','25-42','2025-02-01','2025-02-01','Eine Theaterfahrt mit einem angemieteten Bus dient der Förderung der kulturellen Belange der Studierendenschaft. Sie ermöglicht allen Studierenden,günstig und ohne Einschränkungen durch den unpassenden Zug/Busverkehr,die Teilnahme an einer kulturellen Veranstaltung. Dies entspricht dem Bildungs- und Gemeinschaftsauftrag der Studierendenschaft,da kulturelle Aktivitäten die persönliche und akademische Entwicklung bereichern,den interdisziplinären Austausch fördern und das soziale Miteinander stärken. Zudem trägt die gemeinsame Anreise zur Nachhaltigkeit bei,indem individuelle Fahrten vermieden und Emissionen reduziert werden.'),
(28,6,'2024-04-04 13:37:01','2025-02-04 13:37:35',4,'done-other',6,'Anschaffung Büromaterial','michelle','Studierendenrat (StuRa)','',NULL,'buero',NULL,'2024-08-19','2024-08-26',NULL),
(29,6,'2024-04-04 00:00:00','2025-02-04 14:08:06',4,'wip',6,'Semesteranfsparty','michelle','Studierendenrat (StuRa)','',NULL,'stura',NULL,'2025-04-04','2025-04-06',NULL),
(30,6,'2024-04-04 14:06:49','2025-02-04 14:07:24',5,'ok-by-stura',6,'Gremienwahlen','wahlen','Wahlkommission Studierendenschaft','',NULL,'stura','25-40','2025-01-13','2025-01-17',NULL);

--
-- Daten für Tabelle `demo__projektposten`
--

INSERT INTO `demo__projektposten` (`id`,`projekt_id`,`titel_id`,`einnahmen`,`ausgaben`,`name`,`bemerkung`) VALUES
(1,1,1,100000.00,0.00,'Eingang Semesterbeiträge',''),
(1,2,19,0.00,1200.00,'Hosting Hostsharing',''),
(1,3,32,0.00,200.00,'Fahrkosten',''),
(1,4,26,0.00,300.00,'Fahrtkosten',''),
(1,5,25,0.00,700.00,'Busunternehmen',''),
(1,6,30,0.00,1000.00,'Auszahlung Darlehen',''),
(1,7,31,0.00,100.00,'Stadtrallye',''),
(1,8,13,0.00,200.00,'Kontoführungsgebühren',''),
(1,9,16,0.00,500.00,'Auszahlung',''),
(1,10,29,0.00,150.00,'Deko',''),
(1,11,30,0.00,60.00,'Sitzungsgeld',''),
(1,12,25,0.00,800.00,'Essen,Trinken usw.',''),
(1,13,18,0.00,50.00,'Bürobedarf',''),
(1,14,30,0.00,500.00,'Bühne',''),
(1,15,26,0.00,5.00,'Domain FSR IA',''),
(1,16,31,0.00,1000.00,'Transporter',''),
(1,17,30,0.00,7.80,'Pizza Margarita',''),
(1,18,35,0.00,2000.00,'Unterkunft',''),
(1,19,11,200.00,0.00,'Spenden',''),
(1,20,30,0.00,15000.00,'Förderung',''),
(1,21,30,0.00,800.00,'DJ',''),
(1,22,14,0.00,13500.00,'Lohn und Lohnkosten','alles über Lohnbüro'),
(1,23,51,0.00,250.00,'Kontoführungsgebühren',''),
(1,24,74,100000.00,0.00,'Semesterbeiträge',''),
(1,25,74,0.00,10000.00,'Auszahlung Semesterbeiträge',''),
(1,26,57,0.00,960.00,'Hosting',''),
(1,27,58,0.00,600.00,'Bus',''),
(1,28,56,0.00,100.00,'Druckerpapier',''),
(1,29,68,0.00,15000.00,'Acts','Gage,Fahrtkosten,Hotel'),
(1,30,72,0.00,750.00,'Druck Wahlzettel',''),
(2,1,1,0.00,200.00,'Rückerstattung Semesterbeiträge',''),
(2,2,19,0.00,120.00,'Hosting Hetzner',''),
(2,3,26,0.00,100.00,'Verpflegung',''),
(2,4,26,0.00,100.00,'Verpflegung',''),
(2,5,25,50.00,0.00,'Eigenanteile der Studierenden',''),
(2,6,11,1000.00,0.00,'Rückzahlung Darlehen',''),
(2,7,12,250.00,0.00,'Firmenanteile Stadtrallye',''),
(2,8,2,2.00,0.00,'Zinsen',''),
(2,9,16,500.00,0.00,'Einzahlung',''),
(2,10,29,0.00,80.00,'Freibier',''),
(2,14,30,0.00,2000.00,'Gage',''),
(2,15,28,0.00,5.00,'Domain FSR MN',''),
(2,16,31,0.00,1500.00,'Spiele Ersti-Game-Night',''),
(2,17,30,0.00,6.50,'Pizza Funghi',''),
(2,18,35,0.00,3000.00,'Verpflegung',''),
(2,21,30,0.00,1000.00,'Essen',''),
(2,24,74,0.00,50.00,'Rückerstattungen',''),
(2,25,46,2000.00,0.00,'Einzahlung FSR EI',''),
(2,27,58,0.00,350.00,'Tickets','25 Personen á 14'),
(2,28,56,0.00,20.00,'Stifte',''),
(2,29,68,0.00,500.00,'Verpflegung/ Catering',''),
(2,30,72,0.00,500.00,'Wahlwerbung',''),
(3,3,26,0.00,100.00,'Unterkunft',''),
(3,4,26,0.00,100.00,'Unterkunft',''),
(3,7,18,0.00,50.00,'Bürobedarf','Gaffa,Laminierfolien'),
(3,10,16,0.00,250.00,'Ausgabe Wechselkasse',''),
(3,14,30,0.00,500.00,'Raummiete',''),
(3,16,31,0.00,17000.00,'Party',''),
(3,18,35,0.00,200.00,'Sonstiges',''),
(3,21,30,0.00,1000.00,'Getränke',''),
(3,25,47,2000.00,0.00,'Einzahlung FSR IA',''),
(3,27,36,500.00,0.00,'Eigenanteile','25 Personen á 20'),
(3,28,56,0.00,50.00,'Gaffa und Paketklebeband',''),
(3,29,68,0.00,1000.00,'Security',''),
(3,30,72,0.00,1000.00,'Wahlparty',''),
(4,7,32,0.00,100.00,'Transportkosten',''),
(4,10,16,250.00,0.00,'Rückgabe Wechselkasse',''),
(4,14,11,500.00,0.00,'Einnahmen',''),
(4,16,31,0.00,1000.00,'Ersti-Hilfe-Sets',''),
(4,18,35,0.00,800.00,'Fahrtkosten',''),
(4,21,30,0.00,500.00,'Raummiete',''),
(4,25,48,2000.00,0.00,'Einzahlung FSR MB',''),
(4,29,68,0.00,1500.00,'Miete Festhalle',''),
(5,7,31,0.00,200.00,'Ersti Gamenight',''),
(5,16,12,5000.00,0.00,'Einnahmen',''),
(5,21,30,0.00,200.00,'Geschenke',''),
(5,25,49,2000.00,0.00,'Einzahlung FSR MN',''),
(5,29,68,0.00,50.00,'Dekoration',''),
(6,16,23,0.00,500.00,'Broschüren',''),
(6,25,50,2000.00,0.00,'Einzahlung FSR WM',''),
(6,29,68,0.00,2000.00,'Getränkeausgaben',''),
(7,29,68,5000.00,0.00,'Getränkeeinnahmen',''),
(8,29,68,7500.00,0.00,'Ticketeinnahmen','');

--
-- Daten für Tabelle `demo__user`
--

INSERT INTO `demo__user` (`id`,`name`,`username`,`email`,`iban`,`provider`,`provider_uid`,`picture_url`,`address`,`remember_token`,`created_at`,`updated_at`) VALUES
(1,'Michelle Storandt','michelle','michelle.storandt@open-administration.de','','','',NULL,NULL,NULL,NULL,NULL),
(2,'Service','demo_hv','service@open-administration.de','','','',NULL,NULL,NULL,NULL,NULL),
(3,'Service','demo_gast','service@open-administration.de','','','',NULL,NULL,NULL,NULL,NULL),
(4,'Service','demo_kv','service@open-administration.de','','','',NULL,NULL,NULL,NULL,NULL),
(5,'Lukas Staab','lukas','lukas.staab@open-administration.de','','stumv','417c4f5a-12c6-4d1e-aada-35e457834db8','','',NULL,'2025-02-04 08:04:52','2025-02-04 08:04:52'),
(6,'Michelle Storandt','michelle','michelle.storandt@open-administration.de','','stumv','b55e21c3-50b6-43cb-b9cf-3d64a9bb725f','','',NULL,'2025-02-04 08:05:55','2025-02-04 08:05:55'),
(7,'','admin','',NULL,'','',NULL,NULL,NULL,'2025-02-07 07:28:37','2025-02-07 07:28:37');
COMMIT;

/*!40101 SET SQL_MODE=@OLD_SQL_MODE */;
SET FOREIGN_KEY_CHECKS=@OLD_FOREIGN_KEY_CHECKS;
/*!40101 SET CHARACTER_SET_CLIENT=@OLD_CHARACTER_SET_CLIENT */;
/*!40101 SET CHARACTER_SET_RESULTS=@OLD_CHARACTER_SET_RESULTS */;
/*!40101 SET COLLATION_CONNECTION=@OLD_COLLATION_CONNECTION */;
/*!40111 SET SQL_NOTES=@OLD_SQL_NOTES */;

-- Dump completed on 2025-02-07 13:08:58
